task_id,mo_number,mo_prefix,task_start_date,task_claim_date,task_end_date,v4_2_category
04233597-e168-11f0-86aa-4ed4e1f8f5a1,3152511203,315,2025-12-25,,2025-12-25,Done
04a73290-e168-11f0-9fad-82af1fe3534c,3152511203,315,2025-12-25,,2025-12-25,Done
04b6000c-e168-11f0-867b-4a3c555931f0,3152511203,315,2025-12-25,,2025-12-25,Done
0560027e-e0f6-11f0-ba03-024335f9cdd9,3152511416,315,2025-12-25,,2025-12-25,Done
05622ae1-e109-11f0-86aa-4ed4e1f8f5a1,3152511416,315,2025-12-25,,2025-12-25,Done
0676a3ac-e135-11f0-bad7-ee29dab7ab92,3152511416,315,2025-12-25,,2025-12-25,Done
08444fd8-e13b-11f0-867b-4a3c555931f0,3152511416,315,2025-12-25,,2025-12-25,Done
0844ec1e-e13b-11f0-867b-4a3c555931f0,3152511416,315,2025-12-25,,2025-12-25,Done
085937c0-e13b-11f0-ba03-024335f9cdd9,3152511416,315,2025-12-25,,2025-12-25,Done
085985bd-e13b-11f0-86aa-4ed4e1f8f5a1,3152511416,315,2025-12-25,,2025-12-25,Done
085d088b-e13b-11f0-bad7-ee29dab7ab92,3152511416,315,2025-12-25,,2025-12-25,Done
123ad7f3-e198-11f0-bf7b-965e190dd3fa,3152511417,315,2025-12-25,,2025-12-25,Done
1c4349ff-e16a-11f0-86aa-4ed4e1f8f5a1,3152511203,315,2025-12-25,,2025-12-25,Done
1c437011-e16a-11f0-86aa-4ed4e1f8f5a1,3152511203,315,2025-12-25,,2025-12-25,Done
1c4544d8-e16a-11f0-86aa-4ed4e1f8f5a1,3152511203,315,2025-12-25,,2025-12-25,Done
1c58f49c-e16a-11f0-9fad-82af1fe3534c,3152511203,315,2025-12-25,,2025-12-25,Done
21e4e59a-e169-11f0-86aa-4ed4e1f8f5a1,3152511203,315,2025-12-25,,2025-12-25,Done
21e55afe-e169-11f0-bad7-ee29dab7ab92,3152511203,315,2025-12-25,,2025-12-25,Done
21e72f9f-e169-11f0-86aa-4ed4e1f8f5a1,3152511203,315,2025-12-25,,2025-12-25,Done
2797e6d6-e168-11f0-bad7-ee29dab7ab92,3152511203,315,2025-12-25,,2025-12-25,Done
2798f7ac-e168-11f0-ba03-024335f9cdd9,3152511203,315,2025-12-25,,2025-12-25,Done
279b1afe-e168-11f0-86aa-4ed4e1f8f5a1,3152511203,315,2025-12-25,,2025-12-25,Done
279cc8cb-e168-11f0-9fad-82af1fe3534c,3152511203,315,2025-12-25,,2025-12-25,Done
2b53c4c3-e162-11f0-bad7-ee29dab7ab92,3152511417,315,2025-12-25,2025-12-25,2025-12-25,Done
2c026656-e13b-11f0-bad7-ee29dab7ab92,3152511416,315,2025-12-25,,2025-12-25,Done
2c059a16-e13b-11f0-867b-4a3c555931f0,3152511416,315,2025-12-25,,2025-12-25,Done
2c059a17-e13b-11f0-867b-4a3c555931f0,3152511416,315,2025-12-25,,2025-12-25,Done
2c0636f0-e13b-11f0-bad7-ee29dab7ab92,3152511416,315,2025-12-25,,2025-12-25,Done
2c06abad-e13b-11f0-ba03-024335f9cdd9,3152511416,315,2025-12-25,,2025-12-25,Done
2c0b8e29-e13b-11f0-bad7-ee29dab7ab92,3152511416,315,2025-12-25,,2025-12-25,Done
2c1096c5-e13b-11f0-ba03-024335f9cdd9,3152511416,315,2025-12-25,,2025-12-25,Done
2c10bd7a-e13b-11f0-9fad-82af1fe3534c,3152511416,315,2025-12-25,,2025-12-25,Done
2c13f1d4-e13b-11f0-9fad-82af1fe3534c,3152511416,315,2025-12-25,,2025-12-25,Done
2c17c272-e13b-11f0-9fad-82af1fe3534c,3152511416,315,2025-12-25,,2025-12-25,Done
2d2e72d5-e174-11f0-bad7-ee29dab7ab92,3152511416,315,2025-12-25,,2025-12-25,Done
3164925a-e160-11f0-86aa-4ed4e1f8f5a1,3152511416,315,2025-12-25,,2025-12-25,Done
43eccee8-e163-11f0-ba03-024335f9cdd9,3152511416,315,2025-12-25,,2025-12-25,Done
43ed917f-e163-11f0-9fad-82af1fe3534c,3152511416,315,2025-12-25,,2025-12-25,Done
43ef8d6d-e163-11f0-bad7-ee29dab7ab92,3152511416,315,2025-12-25,,2025-12-25,Done
45a82bcb-e169-11f0-bad7-ee29dab7ab92,3152511203,315,2025-12-25,,2025-12-25,Done
45a9d927-e169-11f0-ba03-024335f9cdd9,3152511203,315,2025-12-25,,2025-12-25,Done
45ac715e-e169-11f0-9fad-82af1fe3534c,3152511203,315,2025-12-25,,2025-12-25,Done
45b28c0b-e169-11f0-867b-4a3c555931f0,3152511203,315,2025-12-25,,2025-12-25,Done
45b32863-e169-11f0-bad7-ee29dab7ab92,3152511203,315,2025-12-25,,2025-12-25,Done
4b61470e-e168-11f0-86aa-4ed4e1f8f5a1,3152511203,315,2025-12-25,,2025-12-25,Done
4b6cdff4-e168-11f0-867b-4a3c555931f0,3152511203,315,2025-12-25,,2025-12-25,Done
4b664fb1-e168-11f0-bad7-ee29dab7ab92,3152511203,315,2025-12-25,,2025-12-25,Done
4b65dabf-e168-11f0-9fad-82af1fe3534c,3152511203,315,2025-12-25,,2025-12-25,Done
4b623175-e168-11f0-86aa-4ed4e1f8f5a1,3152511203,315,2025-12-25,,2025-12-25,Done
4f4b56a9-e161-11f0-86aa-4ed4e1f8f5a1,3152511416,315,2025-12-25,,2025-12-25,Done
4fc3137e-e13b-11f0-9fad-82af1fe3534c,3152511416,315,2025-12-25,,2025-12-25,Done
5881baa9-e12d-11f0-86aa-4ed4e1f8f5a1,3152511416,315,2025-12-25,,2025-12-25,Done
588208ce-e12d-11f0-86aa-4ed4e1f8f5a1,3152511416,315,2025-12-25,,2025-12-25,Done
5d9f176e-e16c-11f0-867b-4a3c555931f0,3152511416,315,2025-12-25,,2025-12-25,Done
61526631-e162-11f0-86aa-4ed4e1f8f5a1,3152511417,315,2025-12-25,2025-12-25,2025-12-25,Done
67a05cd2-e163-11f0-9fad-82af1fe3534c,3152511416,315,2025-12-25,,2025-12-25,Done
67a14724-e163-11f0-867b-4a3c555931f0,3152511416,315,2025-12-25,,2025-12-25,Done
67a650e7-e163-11f0-86aa-4ed4e1f8f5a1,3152511416,315,2025-12-25,,2025-12-25,Done
67b0626d-e163-11f0-867b-4a3c555931f0,3152511416,315,2025-12-25,,2025-12-25,Done
67b4cf57-e163-11f0-867b-4a3c555931f0,3152511416,315,2025-12-25,,2025-12-25,Done
67b851b8-e163-11f0-9fad-82af1fe3534c,3152511416,315,2025-12-25,,2025-12-25,Done
67c104f8-e163-11f0-86aa-4ed4e1f8f5a1,3152511416,315,2025-12-25,,2025-12-25,Done
67c7bb42-e163-11f0-ba03-024335f9cdd9,3152511416,315,2025-12-25,,2025-12-25,Done
67ccc48f-e163-11f0-867b-4a3c555931f0,3152511416,315,2025-12-25,,2025-12-25,Done
67cd3992-e163-11f0-ba03-024335f9cdd9,3152511416,315,2025-12-25,,2025-12-25,Done
67d54ffb-e163-11f0-ba03-024335f9cdd9,3152511416,315,2025-12-25,,2025-12-25,Done
67e57c1c-e163-11f0-86aa-4ed4e1f8f5a1,3152511416,315,2025-12-25,,2025-12-25,Done
67eef220-e163-11f0-86aa-4ed4e1f8f5a1,3152511416,315,2025-12-25,,2025-12-25,Done
68fbca94-e18f-11f0-b810-6e40e3e6024a,3152511416,315,2025-12-25,,2025-12-25,Done
698206b6-e169-11f0-86aa-4ed4e1f8f5a1,3152511203,315,2025-12-25,,2025-12-25,Done
69878510-e169-11f0-86aa-4ed4e1f8f5a1,3152511203,315,2025-12-25,,2025-12-25,Done
69886edf-e169-11f0-9fad-82af1fe3534c,3152511203,315,2025-12-25,,2025-12-25,Done
698f9b67-e169-11f0-86aa-4ed4e1f8f5a1,3152511203,315,2025-12-25,,2025-12-25,Done
69a1eee2-e162-11f0-867b-4a3c555931f0,3152511417,315,2025-12-25,2025-12-25,2025-12-25,Done
73840ff7-e13b-11f0-867b-4a3c555931f0,3152511416,315,2025-12-25,,2025-12-25,Done
73841023-e13b-11f0-ba03-024335f9cdd9,3152511416,315,2025-12-25,,2025-12-25,Done
73843712-e13b-11f0-86aa-4ed4e1f8f5a1,3152511416,315,2025-12-25,,2025-12-25,Done
738ce94d-e13b-11f0-bad7-ee29dab7ab92,3152511416,315,2025-12-25,,2025-12-25,Done
738d5f13-e13b-11f0-9fad-82af1fe3534c,3152511416,315,2025-12-25,,2025-12-25,Done
7390932b-e13b-11f0-86aa-4ed4e1f8f5a1,3152511416,315,2025-12-25,,2025-12-25,Done
7391cb55-e13b-11f0-bad7-ee29dab7ab92,3152511416,315,2025-12-25,,2025-12-25,Done
76a0e6db-e168-11f0-9fad-82af1fe3534c,3152511203,315,2025-12-25,,2025-12-25,Done
76a1a9ff-e168-11f0-ba03-024335f9cdd9,3152511203,315,2025-12-25,,2025-12-25,Done
76a098de-e168-11f0-86aa-4ed4e1f8f5a1,3152511203,315,2025-12-25,,2025-12-25,Done
76a098ed-e168-11f0-bad7-ee29dab7ab92,3152511203,315,2025-12-25,,2025-12-25,Done
7ab2b6f6-e16e-11f0-86aa-4ed4e1f8f5a1,3152511416,315,2025-12-25,,2025-12-25,Done
8d308c92-e169-11f0-bad7-ee29dab7ab92,3152511203,315,2025-12-25,,2025-12-25,Done
8d393f28-e169-11f0-86aa-4ed4e1f8f5a1,3152511203,315,2025-12-25,,2025-12-25,Done
8d58d47e-e169-11f0-86aa-4ed4e1f8f5a1,3152511203,315,2025-12-25,,2025-12-25,Done
8e39828b-e11d-11f0-9fad-82af1fe3534c,3152511416,315,2025-12-25,,2025-12-25,Done
92e5895b-e168-11f0-ba03-024335f9cdd9,3152511203,315,2025-12-25,,2025-12-25,Done
92ec3f6c-e168-11f0-bad7-ee29dab7ab92,3152511203,315,2025-12-25,,2025-12-25,Done
92f4f2c4-e168-11f0-ba03-024335f9cdd9,3152511203,315,2025-12-25,,2025-12-25,Done
92fe1a79-e168-11f0-86aa-4ed4e1f8f5a1,3152511203,315,2025-12-25,,2025-12-25,Done
97f32bb4-e173-11f0-bad7-ee29dab7ab92,3152511417,315,2025-12-25,2025-12-25,2025-12-25,Done
984b5a4e-e17a-11f0-b91f-f260ad480fb9,3152511416,315,2025-12-25,,2025-12-25,Done
9b1b36cc-e15f-11f0-867b-4a3c555931f0,3152511416,315,2025-12-25,2025-12-25,2025-12-25,Done
9cfc79ec-e13a-11f0-867b-4a3c555931f0,3152511416,315,2025-12-25,,2025-12-25,Done
9cfca0d9-e13a-11f0-bad7-ee29dab7ab92,3152511416,315,2025-12-25,,2025-12-25,Done
9d434677-e13a-11f0-9fad-82af1fe3534c,3152511416,315,2025-12-25,,2025-12-25,Done
9e10345e-e13a-11f0-867b-4a3c555931f0,3152511416,315,2025-12-25,,2025-12-25,Done
9e6cd2f6-e13a-11f0-bad7-ee29dab7ab92,3152511416,315,2025-12-25,,2025-12-25,Done
9e701729-e173-11f0-bad7-ee29dab7ab92,3152511416,315,2025-12-25,2025-12-25,2025-12-25,Done
afc5dd24-e13d-11f0-867b-4a3c555931f0,3152511416,315,2025-12-25,,2025-12-25,Done
b1917236-e169-11f0-bad7-ee29dab7ab92,3152511203,315,2025-12-25,,2025-12-25,Done
b0f66a6b-e169-11f0-86aa-4ed4e1f8f5a1,3152511203,315,2025-12-25,,2025-12-25,Done
b0f35cc5-e169-11f0-9fad-82af1fe3534c,3152511203,315,2025-12-25,,2025-12-25,Done
b5c042d1-e129-11f0-bad7-ee29dab7ab92,3152511416,315,2025-12-25,,2025-12-25,Done
b69c2471-e168-11f0-86aa-4ed4e1f8f5a1,3152511203,315,2025-12-25,,2025-12-25,Done
b69f59af-e168-11f0-9fad-82af1fe3534c,3152511203,315,2025-12-25,,2025-12-25,Done
b6a12dce-e168-11f0-ba03-024335f9cdd9,3152511203,315,2025-12-25,,2025-12-25,Done
b6ac2a28-e168-11f0-9fad-82af1fe3534c,3152511203,315,2025-12-25,,2025-12-25,Done
bc5c1dd5-e167-11f0-bad7-ee29dab7ab92,3152511203,315,2025-12-25,,2025-12-25,Done
be0f2def-e159-11f0-ba03-024335f9cdd9,3152511416,315,2025-12-25,,2025-12-25,Done
c0b9a587-e13a-11f0-9fad-82af1fe3534c,3152511416,315,2025-12-25,,2025-12-25,Done
c0bc3d74-e13a-11f0-867b-4a3c555931f0,3152511416,315,2025-12-25,,2025-12-25,Done
c0bc8b97-e13a-11f0-867b-4a3c555931f0,3152511416,315,2025-12-25,,2025-12-25,Done
c0bc8bd8-e13a-11f0-86aa-4ed4e1f8f5a1,3152511416,315,2025-12-25,,2025-12-25,Done
c0beaed3-e13a-11f0-bad7-ee29dab7ab92,3152511416,315,2025-12-25,,2025-12-25,Done
c0c64ffc-e13a-11f0-bad7-ee29dab7ab92,3152511416,315,2025-12-25,,2025-12-25,Done
d3f7b988-e117-11f0-9fad-82af1fe3534c,3152511416,315,2025-12-25,,2025-12-25,Done
d4b8293d-e169-11f0-9fad-82af1fe3534c,3152511203,315,2025-12-25,,2025-12-25,Done
d4c437c2-e169-11f0-86aa-4ed4e1f8f5a1,3152511203,315,2025-12-25,,2025-12-25,Done
d4cbb1dd-e169-11f0-86aa-4ed4e1f8f5a1,3152511203,315,2025-12-25,,2025-12-25,Done
d4ce4965-e169-11f0-9fad-82af1fe3534c,3152511203,315,2025-12-25,,2025-12-25,Done
da5f4402-e168-11f0-9fad-82af1fe3534c,3152511203,315,2025-12-25,,2025-12-25,Done
da62ed82-e168-11f0-86aa-4ed4e1f8f5a1,3152511203,315,2025-12-25,,2025-12-25,Done
da69cabb-e168-11f0-867b-4a3c555931f0,3152511203,315,2025-12-25,,2025-12-25,Done
da69cb88-e168-11f0-bad7-ee29dab7ab92,3152511203,315,2025-12-25,,2025-12-25,Done
df446668-e115-11f0-9fad-82af1fe3534c,3152511416,315,2025-12-25,,2025-12-25,Done
e0185f60-e167-11f0-9fad-82af1fe3534c,3152511203,315,2025-12-25,,2025-12-25,Done
e01fb1ee-e167-11f0-bad7-ee29dab7ab92,3152511203,315,2025-12-25,,2025-12-25,Done
e06b6111-e167-11f0-867b-4a3c555931f0,3152511203,315,2025-12-25,,2025-12-25,Done
e0799279-e167-11f0-9fad-82af1fe3534c,3152511203,315,2025-12-25,,2025-12-25,Done
e0dcd842-e12e-11f0-86aa-4ed4e1f8f5a1,3152511416,315,2025-12-25,,2025-12-25,Done
e4a5f7c1-e13a-11f0-86aa-4ed4e1f8f5a1,3152511416,315,2025-12-25,,2025-12-25,Done
e47bb32d-e13a-11f0-bad7-ee29dab7ab92,3152511416,315,2025-12-25,,2025-12-25,Done
e4801f65-e13a-11f0-9fad-82af1fe3534c,3152511416,315,2025-12-25,,2025-12-25,Done
e48d3edf-e13a-11f0-9fad-82af1fe3534c,3152511416,315,2025-12-25,,2025-12-25,Done
e4935966-e13a-11f0-9fad-82af1fe3534c,3152511416,315,2025-12-25,,2025-12-25,Done
e4966735-e13a-11f0-bad7-ee29dab7ab92,3152511416,315,2025-12-25,,2025-12-25,Done
e49aacb1-e13a-11f0-867b-4a3c555931f0,3152511416,315,2025-12-25,,2025-12-25,Done
e4a24e26-e13a-11f0-bad7-ee29dab7ab92,3152511416,315,2025-12-25,,2025-12-25,Done
f29f788b-e161-11f0-ba03-024335f9cdd9,3152511417,315,2025-12-25,2025-12-25,2025-12-25,Done
f2bf0ea0-e161-11f0-ba03-024335f9cdd9,3152511417,315,2025-12-25,2025-12-25,2025-12-25,Done
f2df19ef-e161-11f0-ba03-024335f9cdd9,3152511417,315,2025-12-25,,2025-12-25,Done
f2fdecb0-e161-11f0-ba03-024335f9cdd9,3152511417,315,2025-12-25,,2025-12-25,Done
f4c4f170-e161-11f0-86aa-4ed4e1f8f5a1,3152511417,315,2025-12-25,2025-12-25,2025-12-25,Done
f7957b4b-e12a-11f0-9fad-82af1fe3534c,3152511416,315,2025-12-25,,2025-12-25,Done
f879259b-e169-11f0-86aa-4ed4e1f8f5a1,3152511203,315,2025-12-25,,2025-12-25,Done
f87c3362-e169-11f0-9fad-82af1fe3534c,3152511203,315,2025-12-25,,2025-12-25,Done
f87f1999-e169-11f0-9fad-82af1fe3534c,3152511203,315,2025-12-25,,2025-12-25,Done
f88449c0-e169-11f0-ba03-024335f9cdd9,3152511203,315,2025-12-25,,2025-12-25,Done
fe212a13-e168-11f0-86aa-4ed4e1f8f5a1,3152511203,315,2025-12-25,,2025-12-25,Done
fe22fedc-e168-11f0-86aa-4ed4e1f8f5a1,3152511203,315,2025-12-25,,2025-12-25,Done
fe257007-e168-11f0-867b-4a3c555931f0,3152511203,315,2025-12-25,,2025-12-25,Done
140e9ed9-e19e-11f0-bf7b-965e190dd3fa,3152511417,315,2025-12-25,,2025-12-26,Other
2b336b49-e162-11f0-bad7-ee29dab7ab92,3152511417,315,2025-12-25,2025-12-26,2025-12-26,Todo
e041af75-e180-11f0-b810-6e40e3e6024a,3152511418,315,2025-12-25,2025-12-26,2025-12-26,Todo
e0ae542d-e180-11f0-b810-6e40e3e6024a,3152511418,315,2025-12-25,2025-12-26,2025-12-26,Todo
e0d42bd3-e180-11f0-b810-6e40e3e6024a,3152511418,315,2025-12-25,2025-12-26,2025-12-26,Todo
e0f8f20c-e180-11f0-b810-6e40e3e6024a,3152511418,315,2025-12-25,2025-12-26,2025-12-30,Todo
e1209e7b-e180-11f0-b810-6e40e3e6024a,3152511418,315,2025-12-25,2025-12-26,2025-12-26,Todo
e147fcbf-e180-11f0-b810-6e40e3e6024a,3152511418,315,2025-12-25,2025-12-26,2025-12-26,Todo
e1780c92-e180-11f0-b810-6e40e3e6024a,3152511418,315,2025-12-25,2025-12-26,2025-12-26,Todo
e19aafe4-e180-11f0-b810-6e40e3e6024a,3152511418,315,2025-12-25,2025-12-26,2025-12-26,Todo
e1bf00e7-e180-11f0-b810-6e40e3e6024a,3152511418,315,2025-12-25,2025-12-26,2025-12-26,Todo
e1e68638-e180-11f0-b810-6e40e3e6024a,3152511418,315,2025-12-25,2025-12-26,2025-12-26,Todo
e20cac0f-e180-11f0-b810-6e40e3e6024a,3152511418,315,2025-12-25,2025-12-26,2025-12-30,Todo
e23a730c-e180-11f0-b810-6e40e3e6024a,3152511418,315,2025-12-25,2025-12-26,2025-12-26,Todo
e2668b41-e180-11f0-b810-6e40e3e6024a,3152511418,315,2025-12-25,2025-12-26,2025-12-27,Todo
e29f75b9-e180-11f0-b810-6e40e3e6024a,3152511418,315,2025-12-25,2025-12-26,2025-12-26,Todo
e2c06b58-e180-11f0-b810-6e40e3e6024a,3152511418,315,2025-12-25,2025-12-26,2025-12-26,Todo
e30563d9-e180-11f0-b810-6e40e3e6024a,3152511418,315,2025-12-25,2025-12-26,2025-12-26,Todo
e325480c-e180-11f0-b810-6e40e3e6024a,3152511418,315,2025-12-25,2025-12-26,2025-12-26,Todo
e345534c-e180-11f0-b810-6e40e3e6024a,3152511418,315,2025-12-25,2025-12-26,2025-12-27,Todo
e3686bce-e180-11f0-b810-6e40e3e6024a,3152511418,315,2025-12-25,2025-12-26,2025-12-26,Todo
e38baa60-e180-11f0-b810-6e40e3e6024a,3152511418,315,2025-12-25,2025-12-26,2025-12-26,Todo
e2df6527-e180-11f0-b810-6e40e3e6024a,3152511418,315,2025-12-25,2025-12-26,2025-12-27,Todo
e3d7a7c4-e180-11f0-b810-6e40e3e6024a,3152511418,315,2025-12-25,2025-12-26,2025-12-26,Todo
e3fd7f63-e180-11f0-b810-6e40e3e6024a,3152511418,315,2025-12-25,2025-12-26,2025-12-26,Todo
e3b0beb0-e180-11f0-b810-6e40e3e6024a,3152511418,315,2025-12-25,2025-12-26,2025-12-26,Todo
03b686ef-e22b-11f0-b24f-5e140ac69200,3152511418,315,2025-12-26,2025-12-26,2025-12-29,Doing
491a0328-e239-11f0-b810-6e40e3e6024a,3152511419,315,2025-12-26,2025-12-26,2025-12-27,Doing
51910eff-e22a-11f0-bf7b-965e190dd3fa,3152511418,315,2025-12-26,2025-12-26,2026-01-06,Doing
5613d7e1-e22a-11f0-bf7b-965e190dd3fa,3152511418,315,2025-12-26,2025-12-26,2026-01-06,Doing
5c9ef567-e239-11f0-b810-6e40e3e6024a,3152511420,315,2025-12-26,2025-12-26,2025-12-27,Doing
69a30e60-e206-11f0-bf7b-965e190dd3fa,3152511418,315,2025-12-26,2025-12-26,2025-12-30,Doing
7b50effc-e22e-11f0-833b-1a66a98ce176,3152511418,315,2025-12-26,2025-12-26,2025-12-27,Doing
017e3062-e1c1-11f0-b24f-5e140ac69200,3152511417,315,2025-12-26,,2025-12-26,Done
0b4b04d3-e1f8-11f0-b24f-5e140ac69200,3152511417,315,2025-12-26,,2025-12-26,Done
0e095dfd-e219-11f0-833b-1a66a98ce176,3152511418,315,2025-12-26,2025-12-26,2025-12-26,Done
10a42afe-e22f-11f0-833b-1a66a98ce176,3152511417,315,2025-12-26,2025-12-26,2025-12-26,Done
1dfc8c9c-e21b-11f0-b91f-f260ad480fb9,3152511418,315,2025-12-26,2025-12-26,2025-12-26,Done
23cd54d0-e22d-11f0-bf7b-965e190dd3fa,3152511418,315,2025-12-26,2025-12-26,2025-12-26,Done
2e3fe6c9-e231-11f0-b810-6e40e3e6024a,3152511417,315,2025-12-26,,2025-12-26,Done
30e40d58-e1fe-11f0-833b-1a66a98ce176,3152511417,315,2025-12-26,,2025-12-26,Done
44b5795e-e22b-11f0-b24f-5e140ac69200,3152511418,315,2025-12-26,2025-12-26,2025-12-26,Done
4638d2d4-e22d-11f0-b810-6e40e3e6024a,3152511418,315,2025-12-26,2025-12-26,2025-12-26,Done
46b93e67-e233-11f0-bf7b-965e190dd3fa,3152511417,315,2025-12-26,,2025-12-26,Done
4ffab087-e1b3-11f0-833b-1a66a98ce176,3152511416,315,2025-12-26,,2025-12-26,Done
51712ab5-e22a-11f0-bf7b-965e190dd3fa,3152511418,315,2025-12-26,2025-12-26,2025-12-26,Done
55f52c2c-e22a-11f0-bf7b-965e190dd3fa,3152511418,315,2025-12-26,2025-12-26,2025-12-26,Done
56336e00-e22a-11f0-bf7b-965e190dd3fa,3152511418,315,2025-12-26,,2025-12-26,Done
56512e51-e22a-11f0-bf7b-965e190dd3fa,3152511418,315,2025-12-26,2025-12-26,2025-12-26,Done
5672c03b-e22a-11f0-bf7b-965e190dd3fa,3152511418,315,2025-12-26,2025-12-26,2025-12-26,Done
57413424-e22a-11f0-bf7b-965e190dd3fa,3152511418,315,2025-12-26,2025-12-26,2025-12-26,Done
5799b43e-e22a-11f0-bf7b-965e190dd3fa,3152511418,315,2025-12-26,2025-12-26,2025-12-26,Done
57b70077-e22a-11f0-bf7b-965e190dd3fa,3152511418,315,2025-12-26,2025-12-26,2025-12-26,Done
57d277ee-e22a-11f0-bf7b-965e190dd3fa,3152511418,315,2025-12-26,2025-12-26,2025-12-26,Done
58159af8-e22a-11f0-bf7b-965e190dd3fa,3152511418,315,2025-12-26,2025-12-26,2025-12-26,Done
5835581d-e22a-11f0-bf7b-965e190dd3fa,3152511418,315,2025-12-26,2025-12-26,2025-12-26,Done
58a5cd90-e22a-11f0-bf7b-965e190dd3fa,3152511418,315,2025-12-26,2025-12-26,2025-12-26,Done
5a3e19a1-e1fd-11f0-833b-1a66a98ce176,3152511417,315,2025-12-26,,2025-12-26,Done
5eddf189-e22b-11f0-833b-1a66a98ce176,3152511418,315,2025-12-26,2025-12-26,2025-12-26,Done
640716e4-e1e2-11f0-b91f-f260ad480fb9,3152511417,315,2025-12-26,,2025-12-26,Done
6a0cf30b-e206-11f0-bf7b-965e190dd3fa,3152511418,315,2025-12-26,2025-12-26,2025-12-26,Done
6e95f4e8-e21f-11f0-bf7b-965e190dd3fa,3152511418,315,2025-12-26,2025-12-26,2025-12-26,Done
76b77174-e206-11f0-b24f-5e140ac69200,3152511418,315,2025-12-26,2025-12-26,2025-12-26,Done
75479a8b-e1cc-11f0-b810-6e40e3e6024a,3152511417,315,2025-12-26,,2025-12-26,Done
7ba37c9f-e22e-11f0-833b-1a66a98ce176,3152511418,315,2025-12-26,2025-12-26,2025-12-26,Done
7bc22769-e22e-11f0-833b-1a66a98ce176,3152511418,315,2025-12-26,2025-12-26,2025-12-26,Done
83177198-e22e-11f0-b24f-5e140ac69200,3152511418,315,2025-12-26,2025-12-26,2025-12-26,Done
87f0a75d-e228-11f0-bf7b-965e190dd3fa,3152511203,315,2025-12-26,2025-12-26,2025-12-26,Done
87f4689f-e22e-11f0-833b-1a66a98ce176,3152511418,315,2025-12-26,2025-12-26,2025-12-26,Done
9683655c-e206-11f0-b24f-5e140ac69200,3152511418,315,2025-12-26,,2025-12-26,Done
97093e74-e228-11f0-bf7b-965e190dd3fa,3152511417,315,2025-12-26,2025-12-26,2025-12-26,Done
994b7eea-e22e-11f0-bf7b-965e190dd3fa,3152511418,315,2025-12-26,2025-12-26,2025-12-26,Done
bb7bd76e-e228-11f0-833b-1a66a98ce176,3152511416,315,2025-12-26,2025-12-26,2025-12-26,Done
c3b10260-e21a-11f0-833b-1a66a98ce176,3152511418,315,2025-12-26,2025-12-26,2025-12-26,Done
ca579485-e255-11f0-b24f-5e140ac69200,3152511417,315,2025-12-26,,2025-12-26,Done
ce3e0d8a-e241-11f0-b810-6e40e3e6024a,3152511417,315,2025-12-26,,2025-12-26,Done
cfaca33a-e21a-11f0-b24f-5e140ac69200,3152511418,315,2025-12-26,2025-12-26,2025-12-26,Done
d4aab12f-e207-11f0-b810-6e40e3e6024a,3152511417,315,2025-12-26,,2025-12-26,Done
e5b946f7-e224-11f0-833b-1a66a98ce176,3152511417,315,2025-12-26,2025-12-26,2025-12-26,Done
e6d3c1ee-e225-11f0-833b-1a66a98ce176,3152511417,315,2025-12-26,2025-12-26,2025-12-26,Done
e70559a7-e225-11f0-833b-1a66a98ce176,3152511417,315,2025-12-26,2025-12-26,2025-12-26,Done
e7403f05-e225-11f0-833b-1a66a98ce176,3152511417,315,2025-12-26,,2025-12-26,Done
e75c52ac-e225-11f0-833b-1a66a98ce176,3152511417,315,2025-12-26,2025-12-26,2025-12-26,Done
e778664c-e225-11f0-833b-1a66a98ce176,3152511417,315,2025-12-26,,2025-12-26,Done
e79479ee-e225-11f0-833b-1a66a98ce176,3152511417,315,2025-12-26,2025-12-26,2025-12-26,Done
e7b150e3-e225-11f0-833b-1a66a98ce176,3152511417,315,2025-12-26,2025-12-26,2025-12-26,Done
ea1c79e0-e224-11f0-b24f-5e140ac69200,3152511417,315,2025-12-26,2025-12-26,2025-12-26,Done
f6e6bf19-e1db-11f0-b91f-f260ad480fb9,3152511417,315,2025-12-26,,2025-12-26,Done
faf71bb3-e1d4-11f0-833b-1a66a98ce176,3152511417,315,2025-12-26,,2025-12-26,Done
f9c6038b-e220-11f0-b810-6e40e3e6024a,3152511417,315,2025-12-26,,2025-12-26,Done
08dc7d5a-e264-11f0-b24f-5e140ac69200,3152511417,315,2025-12-26,,2025-12-27,Other
5c5fa319-e239-11f0-b810-6e40e3e6024a,3152511420,315,2025-12-26,2025-12-29,,Other
5d89cac3-e239-11f0-b810-6e40e3e6024a,3152511420,315,2025-12-26,2025-12-29,,Other
5e1ae754-e239-11f0-b810-6e40e3e6024a,3152511420,315,2025-12-26,2025-12-29,,Other
5e385a83-e239-11f0-b810-6e40e3e6024a,3152511420,315,2025-12-26,2025-12-29,,Other
5f9bbb8c-e239-11f0-b810-6e40e3e6024a,3152511420,315,2025-12-26,2025-12-29,,Other
878d483f-e241-11f0-b810-6e40e3e6024a,3152511417,315,2025-12-26,,2025-12-27,Other
038f76b1-e22b-11f0-b24f-5e140ac69200,3152511418,315,2025-12-26,2025-12-27,2026-01-05,Todo
270b5d0c-e237-11f0-b24f-5e140ac69200,3152511418,315,2025-12-26,2025-12-29,2025-12-29,Todo
272b684f-e237-11f0-b24f-5e140ac69200,3152511418,315,2025-12-26,2025-12-27,2025-12-27,Todo
2cdad553-e22d-11f0-bf7b-965e190dd3fa,3152511418,315,2025-12-26,2025-12-27,2025-12-27,Todo
481dc8c7-e239-11f0-b810-6e40e3e6024a,3152511419,315,2025-12-26,2025-12-29,2025-12-29,Todo
485c7f2c-e239-11f0-b810-6e40e3e6024a,3152511419,315,2025-12-26,2025-12-27,2025-12-27,Todo
4bfa8e0f-e239-11f0-b810-6e40e3e6024a,3152511419,315,2025-12-26,2025-12-27,2025-12-27,Todo
4a5f7b9a-e239-11f0-b810-6e40e3e6024a,3152511419,315,2025-12-26,2025-12-29,2026-01-05,Todo
4a809781-e239-11f0-b810-6e40e3e6024a,3152511419,315,2025-12-26,2025-12-27,2025-12-27,Todo
4ab47933-e239-11f0-b810-6e40e3e6024a,3152511419,315,2025-12-26,2025-12-27,2025-12-27,Todo
4af37e77-e239-11f0-b810-6e40e3e6024a,3152511419,315,2025-12-26,2025-12-27,2025-12-27,Todo
4b18b8fc-e239-11f0-b810-6e40e3e6024a,3152511419,315,2025-12-26,2025-12-29,2026-01-05,Todo
4c3dff37-e239-11f0-b810-6e40e3e6024a,3152511419,315,2025-12-26,2025-12-27,2025-12-27,Todo
4b476a82-e239-11f0-b810-6e40e3e6024a,3152511419,315,2025-12-26,2025-12-29,2025-12-29,Todo
4a00b929-e239-11f0-b810-6e40e3e6024a,3152511419,315,2025-12-26,2025-12-27,2025-12-27,Todo
49d711cc-e239-11f0-b810-6e40e3e6024a,3152511419,315,2025-12-26,2025-12-27,2025-12-27,Todo
49a9c010-e239-11f0-b810-6e40e3e6024a,3152511419,315,2025-12-26,2025-12-27,2025-12-27,Todo
498854ff-e239-11f0-b810-6e40e3e6024a,3152511419,315,2025-12-26,2025-12-27,2025-12-27,Todo
4b68d56a-e239-11f0-b810-6e40e3e6024a,3152511419,315,2025-12-26,2025-12-27,2025-12-27,Todo
495dea45-e239-11f0-b810-6e40e3e6024a,3152511419,315,2025-12-26,2025-12-30,2025-12-30,Todo
4b8d2582-e239-11f0-b810-6e40e3e6024a,3152511419,315,2025-12-26,2025-12-27,2025-12-27,Todo
4badf429-e239-11f0-b810-6e40e3e6024a,3152511419,315,2025-12-26,2025-12-27,2025-12-27,Todo
4bd7758d-e239-11f0-b810-6e40e3e6024a,3152511419,315,2025-12-26,2025-12-27,2025-12-27,Todo
4c1d0974-e239-11f0-b810-6e40e3e6024a,3152511419,315,2025-12-26,2025-12-27,2025-12-27,Todo
4a3a1905-e239-11f0-b810-6e40e3e6024a,3152511419,315,2025-12-26,2025-12-27,2025-12-27,Todo
4c5de38a-e239-11f0-b810-6e40e3e6024a,3152511419,315,2025-12-26,2025-12-29,2025-12-29,Todo
4c7ed94c-e239-11f0-b810-6e40e3e6024a,3152511419,315,2025-12-26,2025-12-27,2025-12-27,Todo
57f51a6a-e22a-11f0-bf7b-965e190dd3fa,3152511418,315,2025-12-26,2025-12-27,2025-12-27,Todo
586c6de7-e22a-11f0-bf7b-965e190dd3fa,3152511418,315,2025-12-26,2025-12-27,2025-12-27,Todo
58cc6798-e22a-11f0-bf7b-965e190dd3fa,3152511418,315,2025-12-26,2025-12-27,2025-12-27,Todo
5c7f3941-e239-11f0-b810-6e40e3e6024a,3152511420,315,2025-12-26,2025-12-27,2025-12-27,Todo
5cc0d570-e239-11f0-b810-6e40e3e6024a,3152511420,315,2025-12-26,2025-12-30,2025-12-30,Todo
5ce637ef-e239-11f0-b810-6e40e3e6024a,3152511420,315,2025-12-26,2025-12-27,2025-12-27,Todo
5d04e320-e239-11f0-b810-6e40e3e6024a,3152511420,315,2025-12-26,2025-12-27,2025-12-27,Todo
5d25b1e9-e239-11f0-b810-6e40e3e6024a,3152511420,315,2025-12-26,2025-12-27,2025-12-27,Todo
5d44d2ef-e239-11f0-b810-6e40e3e6024a,3152511420,315,2025-12-26,2025-12-27,2025-12-27,Todo
5d663ded-e239-11f0-b810-6e40e3e6024a,3152511420,315,2025-12-26,2025-12-27,2025-12-27,Todo
5daedf66-e239-11f0-b810-6e40e3e6024a,3152511420,315,2025-12-26,2025-12-27,2025-12-27,Todo
5dd9e743-e239-11f0-b810-6e40e3e6024a,3152511420,315,2025-12-26,2025-12-27,2025-12-27,Todo
5dfa66dc-e239-11f0-b810-6e40e3e6024a,3152511420,315,2025-12-26,2025-12-27,2025-12-27,Todo
5e564304-e239-11f0-b810-6e40e3e6024a,3152511420,315,2025-12-26,2025-12-27,2025-12-27,Todo
5e789836-e239-11f0-b810-6e40e3e6024a,3152511420,315,2025-12-26,2025-12-27,2025-12-27,Todo
5e982d53-e239-11f0-b810-6e40e3e6024a,3152511420,315,2025-12-26,2025-12-27,2025-12-27,Todo
5eee6432-e239-11f0-b810-6e40e3e6024a,3152511420,315,2025-12-26,2025-12-27,2025-12-27,Todo
5f357ee0-e239-11f0-b810-6e40e3e6024a,3152511420,315,2025-12-26,2025-12-27,2025-12-27,Todo
5f57d418-e239-11f0-b810-6e40e3e6024a,3152511420,315,2025-12-26,2025-12-27,2025-12-27,Todo
5f7a77a3-e239-11f0-b810-6e40e3e6024a,3152511420,315,2025-12-26,2025-12-27,2025-12-27,Todo
5fbc13ff-e239-11f0-b810-6e40e3e6024a,3152511420,315,2025-12-26,2025-12-27,2025-12-27,Todo
7b7cba81-e22e-11f0-833b-1a66a98ce176,3152511418,315,2025-12-26,2025-12-27,2025-12-27,Todo
7949e3a9-e2c7-11f0-833b-1a66a98ce176,3152511419,315,2025-12-27,2025-12-27,2025-12-29,Doing
ed64239a-e310-11f0-b24f-5e140ac69200,3152511420,315,2025-12-27,2025-12-27,2025-12-29,Doing
00a080f1-e2d7-11f0-b24f-5e140ac69200,3152511417,315,2025-12-27,,2025-12-27,Done
14bcd699-e27b-11f0-b91f-f260ad480fb9,3152511417,315,2025-12-27,,2025-12-27,Done
17368632-e2e6-11f0-833b-1a66a98ce176,3152511417,315,2025-12-27,,2025-12-27,Done
1e490d9e-e2fe-11f0-833b-1a66a98ce176,3152511417,315,2025-12-27,,2025-12-27,Done
1eb02ed4-e310-11f0-bf7b-965e190dd3fa,3152511419,315,2025-12-27,2025-12-27,2025-12-27,Done
2b2fc382-e28a-11f0-bf7b-965e190dd3fa,3152511417,315,2025-12-27,,2025-12-27,Done
2f3c01f5-e2f2-11f0-833b-1a66a98ce176,3152511416,315,2025-12-27,2025-12-27,2025-12-27,Done
47f6bde8-e2eb-11f0-833b-1a66a98ce176,3152511417,315,2025-12-27,,2025-12-27,Done
50e0e27d-e2f7-11f0-b24f-5e140ac69200,3152511419,315,2025-12-27,2025-12-27,2025-12-27,Done
51562465-e2f5-11f0-b91f-f260ad480fb9,3152511417,315,2025-12-27,,2025-12-27,Done
567ff0aa-e2f7-11f0-b810-6e40e3e6024a,3152511420,315,2025-12-27,2025-12-27,2025-12-27,Done
5aef0af0-e2f7-11f0-bf7b-965e190dd3fa,3152511419,315,2025-12-27,2025-12-27,2025-12-27,Done
66351069-e2ca-11f0-bf7b-965e190dd3fa,3152511418,315,2025-12-27,2025-12-27,2025-12-27,Done
6e800ad0-e2f7-11f0-b91f-f260ad480fb9,3152511420,315,2025-12-27,2025-12-27,2025-12-27,Done
71250315-e2be-11f0-b24f-5e140ac69200,3152511419,315,2025-12-27,2025-12-27,2025-12-27,Done
767fdc88-e2be-11f0-bf7b-965e190dd3fa,3152511419,315,2025-12-27,2025-12-27,2025-12-27,Done
796de5b5-e2c7-11f0-833b-1a66a98ce176,3152511419,315,2025-12-27,2025-12-27,2025-12-27,Done
797b41ac-e2c9-11f0-b810-6e40e3e6024a,3152511418,315,2025-12-27,2025-12-27,2025-12-27,Done
79cca822-e2c7-11f0-833b-1a66a98ce176,3152511419,315,2025-12-27,2025-12-27,2025-12-27,Done
7a0f2ec3-e2c7-11f0-833b-1a66a98ce176,3152511419,315,2025-12-27,2025-12-27,2025-12-27,Done
8ec1797d-e323-11f0-bf7b-965e190dd3fa,3152511417,315,2025-12-27,,2025-12-27,Done
91739e25-e2fa-11f0-833b-1a66a98ce176,3152511419,315,2025-12-27,,2025-12-27,Done
9a3f608a-e30d-11f0-b24f-5e140ac69200,3152511417,315,2025-12-27,,2025-12-27,Done
9be39694-e2ca-11f0-b91f-f260ad480fb9,3152511419,315,2025-12-27,2025-12-27,2025-12-27,Done
9eba642a-e2c7-11f0-bf7b-965e190dd3fa,3152511420,315,2025-12-27,2025-12-27,2025-12-27,Done
9f1e2eaf-e2c7-11f0-bf7b-965e190dd3fa,3152511420,315,2025-12-27,2025-12-27,2025-12-27,Done
9f5d33e5-e2c7-11f0-bf7b-965e190dd3fa,3152511420,315,2025-12-27,2025-12-27,2025-12-27,Done
a0c6ce3a-e2ca-11f0-b91f-f260ad480fb9,3152511420,315,2025-12-27,2025-12-27,2025-12-27,Done
abea0e52-e2bb-11f0-b24f-5e140ac69200,3152511419,315,2025-12-27,2025-12-27,2025-12-27,Done
b1b0e78d-e2c9-11f0-b91f-f260ad480fb9,3152511419,315,2025-12-27,2025-12-27,2025-12-27,Done
b11d62bd-e2bb-11f0-b91f-f260ad480fb9,3152511419,315,2025-12-27,2025-12-27,2025-12-27,Done
b74d1042-e2c9-11f0-b91f-f260ad480fb9,3152511420,315,2025-12-27,2025-12-27,2025-12-27,Done
b91b7bb5-e2d6-11f0-b91f-f260ad480fb9,3152511417,315,2025-12-27,,2025-12-27,Done
c0680784-e2bb-11f0-bf7b-965e190dd3fa,3152511420,315,2025-12-27,2025-12-27,2025-12-27,Done
c246fc02-e2c2-11f0-b810-6e40e3e6024a,3152511417,315,2025-12-27,,2025-12-27,Done
c51b7c80-e2bb-11f0-b24f-5e140ac69200,3152511420,315,2025-12-27,2025-12-27,2025-12-27,Done
cb71dc51-e2ff-11f0-833b-1a66a98ce176,3152511417,315,2025-12-27,,2025-12-27,Done
ca460b78-e2c8-11f0-b24f-5e140ac69200,3152511418,315,2025-12-27,2025-12-27,2025-12-27,Done
d76370a7-e2bd-11f0-b810-6e40e3e6024a,3152511420,315,2025-12-27,2025-12-27,2025-12-27,Done
dc2677ca-e2bd-11f0-833b-1a66a98ce176,3152511420,315,2025-12-27,2025-12-27,2025-12-27,Done
de0d10f1-e2c8-11f0-bf7b-965e190dd3fa,3152511419,315,2025-12-27,2025-12-27,2025-12-27,Done
e8fd0692-e29b-11f0-bf7b-965e190dd3fa,3152511417,315,2025-12-27,,2025-12-27,Done
ed97e71d-e2d2-11f0-b810-6e40e3e6024a,3152511417,315,2025-12-27,,2025-12-27,Done
f5973afb-e2f1-11f0-b24f-5e140ac69200,3152511417,315,2025-12-27,2025-12-27,2025-12-27,Done
fba8b76a-e2c8-11f0-b810-6e40e3e6024a,3152511420,315,2025-12-27,2025-12-27,2025-12-27,Done
99b759d5-e334-11f0-b810-6e40e3e6024a,3152511418,315,2025-12-27,,2025-12-28,Other
9e3ea4be-e2c7-11f0-bf7b-965e190dd3fa,3152511420,315,2025-12-27,2025-12-29,,Other
9e5c6627-e2c7-11f0-bf7b-965e190dd3fa,3152511420,315,2025-12-27,2025-12-29,,Other
9e78c6fe-e2c7-11f0-bf7b-965e190dd3fa,3152511420,315,2025-12-27,2025-12-27,,Other
9f3fe7ad-e2c7-11f0-bf7b-965e190dd3fa,3152511420,315,2025-12-27,2025-12-29,,Other
78f3d3f9-e2c7-11f0-833b-1a66a98ce176,3152511419,315,2025-12-27,2025-12-29,2026-01-05,Todo
792dcff2-e2c7-11f0-833b-1a66a98ce176,3152511419,315,2025-12-27,2025-12-29,2025-12-29,Todo
798f77b3-e2c7-11f0-833b-1a66a98ce176,3152511419,315,2025-12-27,2025-12-29,2025-12-29,Todo
79ad6018-e2c7-11f0-833b-1a66a98ce176,3152511419,315,2025-12-27,2025-12-29,2025-12-29,Todo
79ed4fab-e2c7-11f0-833b-1a66a98ce176,3152511419,315,2025-12-27,2025-12-29,2026-01-05,Todo
8efb4e75-e323-11f0-bf7b-965e190dd3fa,3152511418,315,2025-12-27,2025-12-29,2025-12-29,Todo
9edb32d8-e2c7-11f0-bf7b-965e190dd3fa,3152511420,315,2025-12-27,2025-12-29,2026-01-05,Todo
9efc9dad-e2c7-11f0-bf7b-965e190dd3fa,3152511420,315,2025-12-27,2025-12-29,2025-12-29,Todo
ab7e7af7-e2bb-11f0-b24f-5e140ac69200,3152511419,315,2025-12-27,2025-12-30,2025-12-30,Todo
c0037909-e2bb-11f0-bf7b-965e190dd3fa,3152511420,315,2025-12-27,2025-12-30,2025-12-30,Todo
283b768f-e35b-11f0-bf7b-965e190dd3fa,3152511418,315,2025-12-28,,2025-12-28,Done
77958634-e34d-11f0-833b-1a66a98ce176,3152511418,315,2025-12-28,,2025-12-28,Done
93e564b2-e348-11f0-833b-1a66a98ce176,3152511418,315,2025-12-28,,2025-12-28,Done
9cca0590-e366-11f0-b91f-f260ad480fb9,3152511418,315,2025-12-28,,2025-12-28,Done
aa2b4ed3-e357-11f0-bf7b-965e190dd3fa,3152511418,315,2025-12-28,,2025-12-28,Done
b584583a-e355-11f0-bf7b-965e190dd3fa,3152511418,315,2025-12-28,,2025-12-28,Done
fcbbb851-e368-11f0-833b-1a66a98ce176,3152511418,315,2025-12-28,,2025-12-28,Done
241f11ac-e375-11f0-b91f-f260ad480fb9,3152511418,315,2025-12-28,,2025-12-29,Other
1d10e080-e3bb-11f0-b24f-5e140ac69200,3152511417,315,2025-12-28,2025-12-29,2025-12-29,Todo
e4bed897-e3ba-11f0-b810-6e40e3e6024a,3152511418,315,2025-12-28,2025-12-29,2025-12-29,Todo
2996bc16-e47b-11f0-b810-6e40e3e6024a,3152511419,315,2025-12-29,2025-12-29,2025-12-31,Doing
5168fb02-e47b-11f0-b810-6e40e3e6024a,3152511419,315,2025-12-29,2025-12-29,2026-01-06,Doing
9a1764b9-e47b-11f0-b91f-f260ad480fb9,3152511419,315,2025-12-29,2025-12-29,2026-01-06,Doing
a9dab2f8-e489-11f0-833b-1a66a98ce176,3152511419,315,2025-12-29,2025-12-29,2025-12-30,Doing
affbc326-e489-11f0-b24f-5e140ac69200,3152511420,315,2025-12-29,2025-12-29,2026-01-06,Doing
d2b9ea94-e488-11f0-b91f-f260ad480fb9,3152511419,315,2025-12-29,2025-12-29,2026-01-05,Doing
d297e366-e488-11f0-b91f-f260ad480fb9,3152511419,315,2025-12-29,2025-12-29,2026-01-06,Doing
04a58882-e471-11f0-bf7b-965e190dd3fa,3152511418,315,2025-12-29,,2025-12-29,Done
107448a5-e478-11f0-bf7b-965e190dd3fa,3152511418,315,2025-12-29,2025-12-29,2025-12-29,Done
28d0b3b1-e45e-11f0-bf7b-965e190dd3fa,3152511416,315,2025-12-29,,2025-12-29,Done
28d128ab-e45e-11f0-b91f-f260ad480fb9,3152511416,315,2025-12-29,,2025-12-29,Done
28d19db7-e45e-11f0-833b-1a66a98ce176,3152511416,315,2025-12-29,,2025-12-29,Done
2bd9e21e-e488-11f0-b91f-f260ad480fb9,3152511419,315,2025-12-29,2025-12-29,2025-12-29,Done
318782da-e47b-11f0-833b-1a66a98ce176,3152511419,315,2025-12-29,2025-12-29,2025-12-29,Done
38cefb0e-e484-11f0-b24f-5e140ac69200,3152511418,315,2025-12-29,2025-12-29,2025-12-29,Done
3d53266a-e488-11f0-b24f-5e140ac69200,3152511419,315,2025-12-29,2025-12-29,2025-12-29,Done
42fc6b31-e484-11f0-833b-1a66a98ce176,3152511417,315,2025-12-29,2025-12-29,2025-12-29,Done
513bd05d-e47b-11f0-b810-6e40e3e6024a,3152511419,315,2025-12-29,2025-12-29,2025-12-29,Done
51a40761-e47b-11f0-b810-6e40e3e6024a,3152511419,315,2025-12-29,,2025-12-29,Done
521eb5ec-e47b-11f0-b810-6e40e3e6024a,3152511419,315,2025-12-29,,2025-12-29,Done
59805c85-e47b-11f0-833b-1a66a98ce176,3152511419,315,2025-12-29,2025-12-29,2025-12-29,Done
5d362589-e488-11f0-b91f-f260ad480fb9,3152511420,315,2025-12-29,2025-12-29,2025-12-29,Done
6658c02b-e459-11f0-b810-6e40e3e6024a,3152511419,315,2025-12-29,2025-12-29,2025-12-29,Done
6be51915-e478-11f0-b810-6e40e3e6024a,3152511418,315,2025-12-29,,2025-12-29,Done
6e0ae95b-e484-11f0-b810-6e40e3e6024a,3152511416,315,2025-12-29,2025-12-29,2025-12-29,Done
74d43f9e-e487-11f0-b810-6e40e3e6024a,3152511419,315,2025-12-29,2025-12-29,2025-12-29,Done
75f494ef-e45d-11f0-b91f-f260ad480fb9,3152511416,315,2025-12-29,,2025-12-29,Done
75f55846-e45d-11f0-b91f-f260ad480fb9,3152511416,315,2025-12-29,,2025-12-29,Done
75f90248-e45d-11f0-bf7b-965e190dd3fa,3152511416,315,2025-12-29,,2025-12-29,Done
75fea7c9-e45d-11f0-833b-1a66a98ce176,3152511416,315,2025-12-29,,2025-12-29,Done
78cf3213-e495-11f0-b91f-f260ad480fb9,3152511418,315,2025-12-29,,2025-12-29,Done
85a2d34a-e4a6-11f0-833b-1a66a98ce176,3152511418,315,2025-12-29,,2025-12-29,Done
899ae0f1-e484-11f0-b24f-5e140ac69200,3152511409,315,2025-12-29,2025-12-29,2025-12-29,Done
89b1f6e2-e49f-11f0-b24f-5e140ac69200,3152511418,315,2025-12-29,,2025-12-29,Done
9994e9fd-e45d-11f0-b24f-5e140ac69200,3152511416,315,2025-12-29,,2025-12-29,Done
9995ad13-e45d-11f0-833b-1a66a98ce176,3152511416,315,2025-12-29,,2025-12-29,Done
99b3209f-e45d-11f0-b810-6e40e3e6024a,3152511416,315,2025-12-29,,2025-12-29,Done
99bd0bb7-e45d-11f0-b810-6e40e3e6024a,3152511416,315,2025-12-29,,2025-12-29,Done
99f7324f-e47b-11f0-b91f-f260ad480fb9,3152511419,315,2025-12-29,2025-12-29,2025-12-29,Done
aa0b87db-e489-11f0-833b-1a66a98ce176,3152511419,315,2025-12-29,2025-12-29,2025-12-29,Done
aa2e78a7-e489-11f0-833b-1a66a98ce176,3152511419,315,2025-12-29,2025-12-29,2025-12-29,Done
aa4b28d9-e489-11f0-833b-1a66a98ce176,3152511419,315,2025-12-29,2025-12-29,2025-12-29,Done
adc87068-e47b-11f0-b810-6e40e3e6024a,3152511419,315,2025-12-29,2025-12-29,2025-12-29,Done
b04c53f9-e489-11f0-b24f-5e140ac69200,3152511420,315,2025-12-29,2025-12-29,2025-12-29,Done
affa80a1-e458-11f0-b810-6e40e3e6024a,3152511418,315,2025-12-29,,2025-12-29,Done
b02c6fab-e489-11f0-b24f-5e140ac69200,3152511420,315,2025-12-29,2025-12-29,2025-12-29,Done
b0769883-e489-11f0-b24f-5e140ac69200,3152511420,315,2025-12-29,2025-12-29,2025-12-29,Done
bd5215e4-e45d-11f0-b24f-5e140ac69200,3152511416,315,2025-12-29,,2025-12-29,Done
bd5941c0-e45d-11f0-bf7b-965e190dd3fa,3152511416,315,2025-12-29,,2025-12-29,Done
bd5968ef-e45d-11f0-b24f-5e140ac69200,3152511416,315,2025-12-29,,2025-12-29,Done
bd609431-e45d-11f0-b810-6e40e3e6024a,3152511416,315,2025-12-29,,2025-12-29,Done
c296a280-e46f-11f0-b24f-5e140ac69200,3152511418,315,2025-12-29,,2025-12-29,Done
cc17a019-e467-11f0-b810-6e40e3e6024a,3152511418,315,2025-12-29,,2025-12-29,Done
d9a01f56-e458-11f0-bf7b-965e190dd3fa,3152511418,315,2025-12-29,,2025-12-29,Done
e115a9aa-e45d-11f0-b810-6e40e3e6024a,3152511416,315,2025-12-29,,2025-12-29,Done
e136787c-e45d-11f0-b24f-5e140ac69200,3152511416,315,2025-12-29,,2025-12-29,Done
e137d7f1-e45d-11f0-833b-1a66a98ce176,3152511416,315,2025-12-29,,2025-12-29,Done
ce3a077a-e488-11f0-833b-1a66a98ce176,3152511420,315,2025-12-29,2025-12-29,,Other
ce5de368-e488-11f0-833b-1a66a98ce176,3152511420,315,2025-12-29,2025-12-29,,Other
ecc7b57f-e4c0-11f0-833b-1a66a98ce176,3152511418,315,2025-12-29,,2025-12-30,Other
88bbe6df-e48e-11f0-bf7b-965e190dd3fa,3152511419,315,2025-12-29,2025-12-30,2025-12-30,Todo
88dcb572-e48e-11f0-bf7b-965e190dd3fa,3152511419,315,2025-12-29,2025-12-30,2026-01-05,Todo
61a69e17-e4dd-11f0-b91f-f260ad480fb9,3152511417,315,2025-12-30,2025-12-30,2026-01-05,Doing
66f828e5-e4dd-11f0-b24f-5e140ac69200,3152511416,315,2025-12-30,2025-12-30,2026-01-05,Doing
aee5de8b-e52b-11f0-833b-1a66a98ce176,3152511878,315,2025-12-30,2025-12-30,2026-01-05,Doing
b06ca53a-e52b-11f0-833b-1a66a98ce176,3152511878,315,2025-12-30,2025-12-30,2026-01-05,Doing
aff1d055-e52b-11f0-833b-1a66a98ce176,3152511878,315,2025-12-30,2025-12-30,2026-01-05,Doing
b158b3ba-e52b-11f0-833b-1a66a98ce176,3152511878,315,2025-12-30,2025-12-30,2026-01-05,Doing
b1de0fbe-e52b-11f0-833b-1a66a98ce176,3152511878,315,2025-12-30,2025-12-30,2026-01-05,Doing
b2051fde-e52b-11f0-833b-1a66a98ce176,3152511878,315,2025-12-30,2025-12-30,2026-01-05,Doing
b28af1f1-e52b-11f0-833b-1a66a98ce176,3152511878,315,2025-12-30,2025-12-30,2026-01-05,Doing
b6b847b2-e52b-11f0-bf7b-965e190dd3fa,3152511776,315,2025-12-30,2025-12-30,2026-01-05,Doing
b861b228-e52b-11f0-bf7b-965e190dd3fa,3152511776,315,2025-12-30,2025-12-30,2026-01-05,Doing
b90d823e-e52b-11f0-bf7b-965e190dd3fa,3152511776,315,2025-12-30,2025-12-30,2026-01-05,Doing
ba2de62e-e52b-11f0-bf7b-965e190dd3fa,3152511776,315,2025-12-30,2025-12-30,2026-01-05,Doing
ba99a0b2-e52b-11f0-bf7b-965e190dd3fa,3152511776,315,2025-12-30,2025-12-30,2026-01-05,Doing
babfc672-e52b-11f0-bf7b-965e190dd3fa,3152511776,315,2025-12-30,2025-12-30,2026-01-05,Doing
bb064595-e52b-11f0-bf7b-965e190dd3fa,3152511776,315,2025-12-30,2025-12-30,2026-01-05,Doing
b0b1ebe7-e52b-11f0-833b-1a66a98ce176,3152511878,315,2025-12-30,2025-12-30,2026-01-07,Doing
be9d006a-e52b-11f0-b24f-5e140ac69200,3152511775,315,2025-12-30,2025-12-30,2026-01-05,Doing
bfddbe29-e52b-11f0-b24f-5e140ac69200,3152511775,315,2025-12-30,2025-12-30,2026-01-05,Doing
c04fe0d4-e52b-11f0-b24f-5e140ac69200,3152511775,315,2025-12-30,2025-12-30,2026-01-05,Doing
c122c12d-e52b-11f0-b24f-5e140ac69200,3152511775,315,2025-12-30,2025-12-30,2026-01-05,Doing
c196b811-e52b-11f0-b24f-5e140ac69200,3152511775,315,2025-12-30,2025-12-30,2026-01-05,Doing
c1b9d091-e52b-11f0-b24f-5e140ac69200,3152511775,315,2025-12-30,2025-12-30,2026-01-05,Doing
c2050aa4-e52b-11f0-b24f-5e140ac69200,3152511775,315,2025-12-30,2025-12-30,2026-01-05,Doing
c77e1a6f-e52b-11f0-bf7b-965e190dd3fa,3152511774,315,2025-12-30,2025-12-30,2026-01-05,Doing
c8b4c5c0-e52b-11f0-bf7b-965e190dd3fa,3152511774,315,2025-12-30,2025-12-30,2026-01-05,Doing
ca315405-e52b-11f0-bf7b-965e190dd3fa,3152511774,315,2025-12-30,2025-12-30,2026-01-05,Doing
c93518e5-e52b-11f0-bf7b-965e190dd3fa,3152511774,315,2025-12-30,2025-12-30,2026-01-05,Doing
caaf35f9-e52b-11f0-bf7b-965e190dd3fa,3152511774,315,2025-12-30,2025-12-30,2026-01-05,Doing
cad35fe9-e52b-11f0-bf7b-965e190dd3fa,3152511774,315,2025-12-30,2025-12-30,2026-01-05,Doing
cb1f8467-e52b-11f0-bf7b-965e190dd3fa,3152511774,315,2025-12-30,2025-12-30,2026-01-05,Doing
cdce562d-e53e-11f0-bf7b-965e190dd3fa,3152511418,315,2025-12-30,2025-12-30,2026-01-05,Doing
d573412f-e52b-11f0-b810-6e40e3e6024a,3152511777,315,2025-12-30,2025-12-30,2026-01-05,Doing
d67547e9-e52b-11f0-b810-6e40e3e6024a,3152511777,315,2025-12-30,2025-12-30,2026-01-05,Doing
d703088e-e52b-11f0-b810-6e40e3e6024a,3152511777,315,2025-12-30,2025-12-30,2026-01-05,Doing
d7f335be-e52b-11f0-b810-6e40e3e6024a,3152511777,315,2025-12-30,2025-12-30,2026-01-05,Doing
d86be792-e52b-11f0-b810-6e40e3e6024a,3152511777,315,2025-12-30,2025-12-30,2026-01-05,Doing
d8989d02-e52b-11f0-b810-6e40e3e6024a,3152511777,315,2025-12-30,2025-12-30,2026-01-05,Doing
d8e50f95-e52b-11f0-b810-6e40e3e6024a,3152511777,315,2025-12-30,2025-12-30,2026-01-05,Doing
eee0d41d-e53e-11f0-b24f-5e140ac69200,3152511419,315,2025-12-30,2025-12-30,2025-12-31,Doing
033aab45-e531-11f0-833b-1a66a98ce176,3152511878,315,2025-12-30,,2025-12-30,Done
16f0d0be-e55f-11f0-bf7b-965e190dd3fa,3152511777,315,2025-12-30,2025-12-30,2025-12-30,Done
1a4b5cf0-e531-11f0-b91f-f260ad480fb9,3152511417,315,2025-12-30,,2025-12-30,Done
1a4d583e-e531-11f0-833b-1a66a98ce176,3152511417,315,2025-12-30,,2025-12-30,Done
1a4e42c6-e531-11f0-b810-6e40e3e6024a,3152511417,315,2025-12-30,,2025-12-30,Done
1a4ff0d7-e531-11f0-b91f-f260ad480fb9,3152511417,315,2025-12-30,,2025-12-30,Done
2650b6d0-e530-11f0-b810-6e40e3e6024a,3152511777,315,2025-12-30,2025-12-30,2025-12-30,Done
27c536c9-e522-11f0-b24f-5e140ac69200,3152511418,315,2025-12-30,,2025-12-30,Done
2fcc3b9a-e530-11f0-833b-1a66a98ce176,3152511774,315,2025-12-30,2025-12-30,2025-12-30,Done
30eb9595-e52d-11f0-b91f-f260ad480fb9,3152511418,315,2025-12-30,,2025-12-30,Done
30eb95e2-e52d-11f0-b810-6e40e3e6024a,3152511418,315,2025-12-30,,2025-12-30,Done
33e45c45-e530-11f0-bf7b-965e190dd3fa,3152511775,315,2025-12-30,2025-12-30,2025-12-30,Done
361524ab-e513-11f0-bf7b-965e190dd3fa,3152511418,315,2025-12-30,,2025-12-30,Done
38bc230c-e530-11f0-b810-6e40e3e6024a,3152511776,315,2025-12-30,2025-12-30,2025-12-30,Done
3d01471b-e530-11f0-b91f-f260ad480fb9,3152511878,315,2025-12-30,2025-12-30,2025-12-30,Done
3e177c2e-e531-11f0-b91f-f260ad480fb9,3152511417,315,2025-12-30,,2025-12-30,Done
3e17a397-e531-11f0-b24f-5e140ac69200,3152511417,315,2025-12-30,,2025-12-30,Done
3e19ed35-e531-11f0-b91f-f260ad480fb9,3152511417,315,2025-12-30,,2025-12-30,Done
423063a8-e52a-11f0-bf7b-965e190dd3fa,3152511418,315,2025-12-30,,2025-12-30,Done
453db33f-e549-11f0-bf7b-965e190dd3fa,3152511419,315,2025-12-30,,2025-12-30,Done
47fdbb44-e55f-11f0-b810-6e40e3e6024a,3152511774,315,2025-12-30,2025-12-30,2025-12-30,Done
50e5ecd4-e552-11f0-b24f-5e140ac69200,3152511777,315,2025-12-30,2025-12-30,2025-12-30,Done
51988692-e4fb-11f0-bf7b-965e190dd3fa,3152511418,315,2025-12-30,,2025-12-30,Done
51c4fb1c-e530-11f0-b810-6e40e3e6024a,3152511777,315,2025-12-30,2025-12-30,2025-12-30,Done
5801b084-e552-11f0-b810-6e40e3e6024a,3152511777,315,2025-12-30,2025-12-30,2025-12-30,Done
5991dbfa-e4da-11f0-b24f-5e140ac69200,3152511418,315,2025-12-30,2025-12-30,2025-12-30,Done
5cf82310-e552-11f0-b810-6e40e3e6024a,3152511774,315,2025-12-30,2025-12-30,2025-12-30,Done
5d4cf2b2-e530-11f0-b810-6e40e3e6024a,3152511774,315,2025-12-30,2025-12-30,2025-12-30,Done
617a47e0-e530-11f0-b810-6e40e3e6024a,3152511775,315,2025-12-30,2025-12-30,2025-12-30,Done
6180df4a-e552-11f0-b91f-f260ad480fb9,3152511774,315,2025-12-30,2025-12-30,2025-12-30,Done
6184e524-e4dd-11f0-b91f-f260ad480fb9,3152511417,315,2025-12-30,2025-12-30,2025-12-30,Done
61cae3ae-e531-11f0-b91f-f260ad480fb9,3152511417,315,2025-12-30,,2025-12-30,Done
61ccb875-e531-11f0-b91f-f260ad480fb9,3152511417,315,2025-12-30,,2025-12-30,Done
61d1c18b-e531-11f0-b810-6e40e3e6024a,3152511417,315,2025-12-30,,2025-12-30,Done
61d25d64-e531-11f0-b24f-5e140ac69200,3152511417,315,2025-12-30,,2025-12-30,Done
6552956c-e55f-11f0-b810-6e40e3e6024a,3152511775,315,2025-12-30,2025-12-30,2025-12-30,Done
65852245-e530-11f0-b91f-f260ad480fb9,3152511776,315,2025-12-30,2025-12-30,2025-12-30,Done
65bd09a9-e52a-11f0-bf7b-965e190dd3fa,3152511418,315,2025-12-30,,2025-12-30,Done
66d49b32-e4dd-11f0-b24f-5e140ac69200,3152511416,315,2025-12-30,2025-12-30,2025-12-30,Done
67c6dc2d-e552-11f0-b810-6e40e3e6024a,3152511775,315,2025-12-30,2025-12-30,2025-12-30,Done
6b22831b-e530-11f0-b810-6e40e3e6024a,3152511878,315,2025-12-30,2025-12-30,2025-12-30,Done
6dcc0257-e4e7-11f0-833b-1a66a98ce176,3152511420,315,2025-12-30,2025-12-30,2025-12-30,Done
6de469d5-e552-11f0-b91f-f260ad480fb9,3152511775,315,2025-12-30,2025-12-30,2025-12-30,Done
730b054e-e528-11f0-833b-1a66a98ce176,3152511418,315,2025-12-30,,2025-12-30,Done
73787b44-e552-11f0-b91f-f260ad480fb9,3152511878,315,2025-12-30,2025-12-30,2025-12-30,Done
77e74753-e552-11f0-b91f-f260ad480fb9,3152511878,315,2025-12-30,2025-12-30,2025-12-30,Done
76e8cbcc-e514-11f0-bf7b-965e190dd3fa,3152511418,315,2025-12-30,,2025-12-30,Done
76face1f-e514-11f0-833b-1a66a98ce176,3152511418,315,2025-12-30,,2025-12-30,Done
7d2a056a-e552-11f0-833b-1a66a98ce176,3152511776,315,2025-12-30,2025-12-30,2025-12-30,Done
7efd3714-e530-11f0-833b-1a66a98ce176,3152511777,315,2025-12-30,2025-12-30,2025-12-30,Done
8131d1a4-e552-11f0-b24f-5e140ac69200,3152511776,315,2025-12-30,2025-12-30,2025-12-30,Done
855e0349-e55f-11f0-833b-1a66a98ce176,3152511776,315,2025-12-30,2025-12-30,2025-12-30,Done
8597edb3-e531-11f0-b91f-f260ad480fb9,3152511417,315,2025-12-30,,2025-12-30,Done
859d931a-e531-11f0-b91f-f260ad480fb9,3152511417,315,2025-12-30,,2025-12-30,Done
85a00421-e531-11f0-b810-6e40e3e6024a,3152511417,315,2025-12-30,,2025-12-30,Done
85a35f89-e531-11f0-b810-6e40e3e6024a,3152511417,315,2025-12-30,,2025-12-30,Done
8977dc46-e530-11f0-833b-1a66a98ce176,3152511774,315,2025-12-30,2025-12-30,2025-12-30,Done
8e5f81db-e530-11f0-833b-1a66a98ce176,3152511776,315,2025-12-30,2025-12-30,2025-12-30,Done
9291451b-e530-11f0-b91f-f260ad480fb9,3152511775,315,2025-12-30,2025-12-30,2025-12-30,Done
95546642-e53c-11f0-833b-1a66a98ce176,3152511418,315,2025-12-30,,2025-12-30,Done
969dcbe4-e530-11f0-b91f-f260ad480fb9,3152511878,315,2025-12-30,2025-12-30,2025-12-30,Done
96dda0eb-e51b-11f0-833b-1a66a98ce176,3152511418,315,2025-12-30,,2025-12-30,Done
a2e16744-e55f-11f0-833b-1a66a98ce176,3152511878,315,2025-12-30,2025-12-30,2025-12-30,Done
a33be725-e558-11f0-b24f-5e140ac69200,3152511418,315,2025-12-30,,2025-12-30,Done
a95762ff-e531-11f0-b91f-f260ad480fb9,3152511417,315,2025-12-30,,2025-12-30,Done
a957d834-e531-11f0-b91f-f260ad480fb9,3152511417,315,2025-12-30,,2025-12-30,Done
a9582639-e531-11f0-833b-1a66a98ce176,3152511417,315,2025-12-30,,2025-12-30,Done
a96545cc-e531-11f0-b91f-f260ad480fb9,3152511417,315,2025-12-30,,2025-12-30,Done
ad5dd416-e52a-11f0-833b-1a66a98ce176,3152511418,315,2025-12-30,,2025-12-30,Done
ad857982-e552-11f0-833b-1a66a98ce176,3152511776,315,2025-12-30,,2025-12-30,Done
aebef563-e52b-11f0-833b-1a66a98ce176,3152511878,315,2025-12-30,2025-12-30,2025-12-30,Done
af05d0c3-e530-11f0-b91f-f260ad480fb9,3152511417,315,2025-12-30,,2025-12-30,Done
af061e70-e530-11f0-b810-6e40e3e6024a,3152511417,315,2025-12-30,,2025-12-30,Done
af07cc4a-e530-11f0-833b-1a66a98ce176,3152511417,315,2025-12-30,,2025-12-30,Done
af0e2731-e52b-11f0-833b-1a66a98ce176,3152511878,315,2025-12-30,2025-12-30,2025-12-30,Done
af610279-e52b-11f0-833b-1a66a98ce176,3152511878,315,2025-12-30,2025-12-30,2025-12-30,Done
af81a8fd-e52b-11f0-833b-1a66a98ce176,3152511878,315,2025-12-30,2025-12-30,2025-12-30,Done
b08dc1ef-e52b-11f0-833b-1a66a98ce176,3152511878,315,2025-12-30,2025-12-30,2025-12-30,Done
b0d4dd56-e52b-11f0-833b-1a66a98ce176,3152511878,315,2025-12-30,2025-12-30,2025-12-30,Done
b0149ab6-e52b-11f0-833b-1a66a98ce176,3152511878,315,2025-12-30,2025-12-30,2025-12-30,Done
b0f9a385-e52b-11f0-833b-1a66a98ce176,3152511878,315,2025-12-30,2025-12-30,2025-12-30,Done
aff00e77-e543-11f0-833b-1a66a98ce176,3152511418,315,2025-12-30,,2025-12-30,Done
b1248437-e52b-11f0-833b-1a66a98ce176,3152511878,315,2025-12-30,2025-12-30,2025-12-30,Done
b18282fa-e52b-11f0-833b-1a66a98ce176,3152511878,315,2025-12-30,2025-12-30,2025-12-30,Done
afcc46d2-e52b-11f0-833b-1a66a98ce176,3152511878,315,2025-12-30,2025-12-30,2025-12-30,Done
b1ac784c-e52b-11f0-833b-1a66a98ce176,3152511878,315,2025-12-30,2025-12-30,2025-12-30,Done
afa81ce0-e52b-11f0-833b-1a66a98ce176,3152511878,315,2025-12-30,2025-12-30,2025-12-30,Done
b252cad2-e52b-11f0-833b-1a66a98ce176,3152511878,315,2025-12-30,2025-12-30,2025-12-30,Done
b690e95a-e52b-11f0-bf7b-965e190dd3fa,3152511776,315,2025-12-30,2025-12-30,2025-12-30,Done
b6dc98b8-e52b-11f0-bf7b-965e190dd3fa,3152511776,315,2025-12-30,2025-12-30,2025-12-30,Done
b77a6511-e4e9-11f0-b24f-5e140ac69200,3152511418,315,2025-12-30,,2025-12-30,Done
b785aa50-e52b-11f0-bf7b-965e190dd3fa,3152511776,315,2025-12-30,2025-12-30,2025-12-30,Done
b7bcbf04-e52b-11f0-bf7b-965e190dd3fa,3152511776,315,2025-12-30,2025-12-30,2025-12-30,Done
b80c17aa-e52b-11f0-bf7b-965e190dd3fa,3152511776,315,2025-12-30,2025-12-30,2025-12-30,Done
b837469d-e52b-11f0-bf7b-965e190dd3fa,3152511776,315,2025-12-30,2025-12-30,2025-12-30,Done
b88e67ac-e52b-11f0-bf7b-965e190dd3fa,3152511776,315,2025-12-30,2025-12-30,2025-12-30,Done
b945d073-e52b-11f0-bf7b-965e190dd3fa,3152511776,315,2025-12-30,2025-12-30,2025-12-30,Done
b9a2e4da-e52b-11f0-bf7b-965e190dd3fa,3152511776,315,2025-12-30,2025-12-30,2025-12-30,Done
b9c5d649-e52b-11f0-bf7b-965e190dd3fa,3152511776,315,2025-12-30,2025-12-30,2025-12-30,Done
b9ef305b-e52b-11f0-bf7b-965e190dd3fa,3152511776,315,2025-12-30,2025-12-30,2025-12-30,Done
ba50feae-e52b-11f0-bf7b-965e190dd3fa,3152511776,315,2025-12-30,2025-12-30,2025-12-30,Done
ba74b370-e52b-11f0-bf7b-965e190dd3fa,3152511776,315,2025-12-30,2025-12-30,2025-12-30,Done
bae68876-e52b-11f0-bf7b-965e190dd3fa,3152511776,315,2025-12-30,2025-12-30,2025-12-30,Done
be643cf2-e52b-11f0-b24f-5e140ac69200,3152511775,315,2025-12-30,2025-12-30,2025-12-30,Done
bec2b100-e52b-11f0-b24f-5e140ac69200,3152511775,315,2025-12-30,2025-12-30,2025-12-30,Done
bf345ee8-e52b-11f0-b24f-5e140ac69200,3152511775,315,2025-12-30,2025-12-30,2025-12-30,Done
bf6de49c-e52b-11f0-b24f-5e140ac69200,3152511775,315,2025-12-30,2025-12-30,2025-12-30,Done
bf92d1e7-e52b-11f0-b24f-5e140ac69200,3152511775,315,2025-12-30,2025-12-30,2025-12-30,Done
bfbb1ab5-e52b-11f0-b24f-5e140ac69200,3152511775,315,2025-12-30,2025-12-30,2025-12-30,Done
bfffec52-e52b-11f0-b24f-5e140ac69200,3152511775,315,2025-12-30,2025-12-30,2025-12-30,Done
c073479d-e52b-11f0-b24f-5e140ac69200,3152511775,315,2025-12-30,2025-12-30,2025-12-30,Done
c0b8b459-e52b-11f0-b24f-5e140ac69200,3152511775,315,2025-12-30,2025-12-30,2025-12-30,Done
c0da9458-e52b-11f0-b24f-5e140ac69200,3152511775,315,2025-12-30,2025-12-30,2025-12-30,Done
c0ff5a8a-e52b-11f0-b24f-5e140ac69200,3152511775,315,2025-12-30,2025-12-30,2025-12-30,Done
c14675ed-e52b-11f0-b24f-5e140ac69200,3152511775,315,2025-12-30,2025-12-30,2025-12-30,Done
c16ce9cf-e52b-11f0-b24f-5e140ac69200,3152511775,315,2025-12-30,2025-12-30,2025-12-30,Done
c1e12ed5-e52b-11f0-b24f-5e140ac69200,3152511775,315,2025-12-30,2025-12-30,2025-12-30,Done
c41f9a21-e513-11f0-bf7b-965e190dd3fa,3152511418,315,2025-12-30,,2025-12-30,Done
c6a8add8-e56b-11f0-833b-1a66a98ce176,3152511418,315,2025-12-30,,2025-12-30,Done
c75a8ca7-e52b-11f0-bf7b-965e190dd3fa,3152511774,315,2025-12-30,2025-12-30,2025-12-30,Done
c7ac7d95-e52b-11f0-bf7b-965e190dd3fa,3152511774,315,2025-12-30,2025-12-30,2025-12-30,Done
c8065dc4-e52b-11f0-bf7b-965e190dd3fa,3152511774,315,2025-12-30,2025-12-30,2025-12-30,Done
c82f8fc8-e52b-11f0-bf7b-965e190dd3fa,3152511774,315,2025-12-30,2025-12-30,2025-12-30,Done
c864347b-e52b-11f0-bf7b-965e190dd3fa,3152511774,315,2025-12-30,2025-12-30,2025-12-30,Done
c88bb9cd-e52b-11f0-bf7b-965e190dd3fa,3152511774,315,2025-12-30,2025-12-30,2025-12-30,Done
c9adf2d1-e52b-11f0-bf7b-965e190dd3fa,3152511774,315,2025-12-30,2025-12-30,2025-12-30,Done
c9da5a20-e52b-11f0-bf7b-965e190dd3fa,3152511774,315,2025-12-30,2025-12-30,2025-12-30,Done
ca08bd42-e52b-11f0-bf7b-965e190dd3fa,3152511774,315,2025-12-30,2025-12-30,2025-12-30,Done
c96306da-e52b-11f0-bf7b-965e190dd3fa,3152511774,315,2025-12-30,2025-12-30,2025-12-30,Done
ca535b15-e52b-11f0-bf7b-965e190dd3fa,3152511774,315,2025-12-30,2025-12-30,2025-12-30,Done
ca893747-e52b-11f0-bf7b-965e190dd3fa,3152511774,315,2025-12-30,2025-12-30,2025-12-30,Done
caf82624-e52b-11f0-bf7b-965e190dd3fa,3152511774,315,2025-12-30,2025-12-30,2025-12-30,Done
cbd135eb-e552-11f0-b24f-5e140ac69200,3152511878,315,2025-12-30,,2025-12-30,Done
c8d964e1-e52b-11f0-bf7b-965e190dd3fa,3152511774,315,2025-12-30,2025-12-30,2025-12-30,Done
cd18739d-e53e-11f0-bf7b-965e190dd3fa,3152511418,315,2025-12-30,2025-12-30,2025-12-30,Done
cd19227d-e531-11f0-b91f-f260ad480fb9,3152511417,315,2025-12-30,,2025-12-30,Done
cd1b1ea2-e531-11f0-b24f-5e140ac69200,3152511417,315,2025-12-30,,2025-12-30,Done
cd1bba98-e531-11f0-b91f-f260ad480fb9,3152511417,315,2025-12-30,,2025-12-30,Done
cd1c2fcd-e531-11f0-b91f-f260ad480fb9,3152511417,315,2025-12-30,,2025-12-30,Done
cd4c0626-e53e-11f0-bf7b-965e190dd3fa,3152511418,315,2025-12-30,2025-12-30,2025-12-30,Done
cd5ef028-e50a-11f0-b24f-5e140ac69200,3152511418,315,2025-12-30,,2025-12-30,Done
cd6ed0a4-e53e-11f0-bf7b-965e190dd3fa,3152511418,315,2025-12-30,,2025-12-30,Done
cd8d2e3b-e53e-11f0-bf7b-965e190dd3fa,3152511418,315,2025-12-30,2025-12-30,2025-12-30,Done
cdae23db-e53e-11f0-bf7b-965e190dd3fa,3152511418,315,2025-12-30,,2025-12-30,Done
cdf2ce42-e53e-11f0-bf7b-965e190dd3fa,3152511418,315,2025-12-30,2025-12-30,2025-12-30,Done
d2dd13fb-e530-11f0-b91f-f260ad480fb9,3152511417,315,2025-12-30,,2025-12-30,Done
d3005339-e530-11f0-b810-6e40e3e6024a,3152511417,315,2025-12-30,,2025-12-30,Done
d5546e57-e52b-11f0-b810-6e40e3e6024a,3152511777,315,2025-12-30,2025-12-30,2025-12-30,Done
d5956f55-e52b-11f0-b810-6e40e3e6024a,3152511777,315,2025-12-30,2025-12-30,2025-12-30,Done
d5e9821d-e52b-11f0-b810-6e40e3e6024a,3152511777,315,2025-12-30,2025-12-30,2025-12-30,Done
d609db81-e52b-11f0-b810-6e40e3e6024a,3152511777,315,2025-12-30,2025-12-30,2025-12-30,Done
d62c57c4-e52b-11f0-b810-6e40e3e6024a,3152511777,315,2025-12-30,2025-12-30,2025-12-30,Done
d650cfd6-e52b-11f0-b810-6e40e3e6024a,3152511777,315,2025-12-30,2025-12-30,2025-12-30,Done
d696b2ba-e52b-11f0-b810-6e40e3e6024a,3152511777,315,2025-12-30,2025-12-30,2025-12-30,Done
d728b923-e52b-11f0-b810-6e40e3e6024a,3152511777,315,2025-12-30,2025-12-30,2025-12-30,Done
d7741a4a-e52b-11f0-b810-6e40e3e6024a,3152511777,315,2025-12-30,2025-12-30,2025-12-30,Done
d798e079-e52b-11f0-b810-6e40e3e6024a,3152511777,315,2025-12-30,2025-12-30,2025-12-30,Done
d7d1079b-e52b-11f0-b810-6e40e3e6024a,3152511777,315,2025-12-30,2025-12-30,2025-12-30,Done
d815ff1e-e52b-11f0-b810-6e40e3e6024a,3152511777,315,2025-12-30,2025-12-30,2025-12-30,Done
d83f5930-e52b-11f0-b810-6e40e3e6024a,3152511777,315,2025-12-30,2025-12-30,2025-12-30,Done
d8c15ad6-e52b-11f0-b810-6e40e3e6024a,3152511777,315,2025-12-30,2025-12-30,2025-12-30,Done
e14916ca-e560-11f0-833b-1a66a98ce176,3152511418,315,2025-12-30,,2025-12-30,Done
e61d8a64-e552-11f0-b91f-f260ad480fb9,3152511777,315,2025-12-30,,2025-12-30,Done
e728a16a-e54c-11f0-833b-1a66a98ce176,3152511418,315,2025-12-30,,2025-12-30,Done
ed9a4de0-e512-11f0-bf7b-965e190dd3fa,3152511418,315,2025-12-30,,2025-12-30,Done
eea7c254-e53e-11f0-b24f-5e140ac69200,3152511419,315,2025-12-30,2025-12-30,2025-12-30,Done
ef02b33b-e53e-11f0-b24f-5e140ac69200,3152511419,315,2025-12-30,,2025-12-30,Done
ef2137e2-e53e-11f0-b24f-5e140ac69200,3152511419,315,2025-12-30,2025-12-30,2025-12-30,Done
ef3fe392-e53e-11f0-b24f-5e140ac69200,3152511419,315,2025-12-30,,2025-12-30,Done
ef5e8f44-e53e-11f0-b24f-5e140ac69200,3152511419,315,2025-12-30,2025-12-30,2025-12-30,Done
ef7dd739-e53e-11f0-b24f-5e140ac69200,3152511419,315,2025-12-30,2025-12-30,2025-12-30,Done
efd4e22e-e4f2-11f0-833b-1a66a98ce176,3152511418,315,2025-12-30,,2025-12-30,Done
f0d9f794-e531-11f0-833b-1a66a98ce176,3152511417,315,2025-12-30,,2025-12-30,Done
f0dae1ec-e531-11f0-b24f-5e140ac69200,3152511417,315,2025-12-30,,2025-12-30,Done
f0e0ae30-e531-11f0-b810-6e40e3e6024a,3152511417,315,2025-12-30,,2025-12-30,Done
f0e1bf6a-e531-11f0-b91f-f260ad480fb9,3152511417,315,2025-12-30,,2025-12-30,Done
f2ecbd7d-e524-11f0-b24f-5e140ac69200,3152511418,315,2025-12-30,,2025-12-30,Done
f2ece571-e524-11f0-833b-1a66a98ce176,3152511418,315,2025-12-30,,2025-12-30,Done
f2ee9298-e524-11f0-bf7b-965e190dd3fa,3152511418,315,2025-12-30,,2025-12-30,Done
f2eeb954-e524-11f0-b24f-5e140ac69200,3152511418,315,2025-12-30,,2025-12-30,Done
f384ad66-e4fe-11f0-bf7b-965e190dd3fa,3152511418,315,2025-12-30,,2025-12-30,Done
f4726a17-e53d-11f0-bf7b-965e190dd3fa,3152511418,315,2025-12-30,,2025-12-30,Done
f61a131c-e530-11f0-833b-1a66a98ce176,3152511774,315,2025-12-30,,2025-12-30,Done
f682e67c-e530-11f0-b91f-f260ad480fb9,3152511417,315,2025-12-30,,2025-12-30,Done
f686de2e-e530-11f0-b91f-f260ad480fb9,3152511417,315,2025-12-30,,2025-12-30,Done
f699f172-e530-11f0-b810-6e40e3e6024a,3152511417,315,2025-12-30,,2025-12-30,Done
f78d1d04-e550-11f0-b810-6e40e3e6024a,3152511418,315,2025-12-30,,2025-12-30,Done
f7909f3b-e550-11f0-b24f-5e140ac69200,3152511418,315,2025-12-30,,2025-12-30,Done
f7913b84-e550-11f0-b24f-5e140ac69200,3152511418,315,2025-12-30,,2025-12-30,Done
f99b41b0-e563-11f0-b810-6e40e3e6024a,3152511418,315,2025-12-30,,2025-12-30,Done
fa62918f-e530-11f0-b810-6e40e3e6024a,3152511775,315,2025-12-30,,2025-12-30,Done
fe376fc2-e522-11f0-b24f-5e140ac69200,3152511418,315,2025-12-30,,2025-12-30,Done
fe3d3c4f-e522-11f0-bf7b-965e190dd3fa,3152511418,315,2025-12-30,,2025-12-30,Done
fe53a9fe-e522-11f0-833b-1a66a98ce176,3152511418,315,2025-12-30,,2025-12-30,Done
25bc3eb5-e530-11f0-b810-6e40e3e6024a,3152511777,315,2025-12-30,2025-12-30,,Other
2f61baaf-e530-11f0-833b-1a66a98ce176,3152511774,315,2025-12-30,2025-12-30,,Other
337371ba-e530-11f0-bf7b-965e190dd3fa,3152511775,315,2025-12-30,2025-12-30,,Other
384a7531-e530-11f0-b810-6e40e3e6024a,3152511776,315,2025-12-30,2025-12-30,,Other
3c6a0fe0-e530-11f0-b91f-f260ad480fb9,3152511878,315,2025-12-30,2025-12-30,,Other
532da3f4-e58b-11f0-bf7b-965e190dd3fa,3152511419,315,2025-12-30,,2025-12-31,Other
af375a3a-e52b-11f0-833b-1a66a98ce176,3152511878,315,2025-12-30,2025-12-30,,Other
b03bd1fd-e52b-11f0-833b-1a66a98ce176,3152511878,315,2025-12-30,2025-12-30,,Other
b7289601-e52b-11f0-bf7b-965e190dd3fa,3152511776,315,2025-12-30,2025-12-30,,Other
b8b37b14-e52b-11f0-bf7b-965e190dd3fa,3152511776,315,2025-12-30,2025-12-30,,Other
b96a6f9b-e52b-11f0-bf7b-965e190dd3fa,3152511776,315,2025-12-30,2025-12-30,,Other
beeca759-e52b-11f0-b24f-5e140ac69200,3152511775,315,2025-12-30,2025-12-30,,Other
c0212f6d-e52b-11f0-b24f-5e140ac69200,3152511775,315,2025-12-30,2025-12-30,,Other
c072f36a-e592-11f0-b24f-5e140ac69200,3152511419,315,2025-12-30,,2025-12-31,Other
c097e5ca-e52b-11f0-b24f-5e140ac69200,3152511775,315,2025-12-30,2025-12-30,,Other
c10cb785-e56c-11f0-b91f-f260ad480fb9,3152511418,315,2025-12-30,,2025-12-31,Other
c7da6b8e-e52b-11f0-bf7b-965e190dd3fa,3152511774,315,2025-12-30,2025-12-30,,Other
c98a3e12-e52b-11f0-bf7b-965e190dd3fa,3152511774,315,2025-12-30,2025-12-30,,Other
c8f9e568-e52b-11f0-bf7b-965e190dd3fa,3152511774,315,2025-12-30,2025-12-30,,Other
d3867a01-e582-11f0-b810-6e40e3e6024a,3152511418,315,2025-12-30,,2025-12-31,Other
d5bdb7fe-e52b-11f0-b810-6e40e3e6024a,3152511777,315,2025-12-30,2025-12-30,,Other
d6d346c1-e52b-11f0-b810-6e40e3e6024a,3152511777,315,2025-12-30,2025-12-30,,Other
d74ff05b-e52b-11f0-b810-6e40e3e6024a,3152511777,315,2025-12-30,2025-12-30,,Other
598839db-e58b-11f0-b24f-5e140ac69200,3152511419,315,2025-12-30,2025-12-31,2025-12-31,Todo
6d701605-e54d-11f0-b24f-5e140ac69200,3152511418,315,2025-12-30,2025-12-31,2025-12-31,Todo
ce2ccc4d-e54d-11f0-b810-6e40e3e6024a,3152511417,315,2025-12-30,2025-12-31,2025-12-31,Todo
cf02b9aa-e54d-11f0-b810-6e40e3e6024a,3152511419,315,2025-12-30,2025-12-31,2025-12-31,Todo
5f7038d2-e61f-11f0-811d-0a4b28ca86c6,3152511778,315,2025-12-31,2025-12-31,2026-01-05,Doing
003ab65e-e613-11f0-811d-0a4b28ca86c6,3152511201,315,2025-12-31,,2025-12-31,Done
003b78cc-e613-11f0-af20-1292749790e6,3152511201,315,2025-12-31,,2025-12-31,Done
014c7bf3-e5e0-11f0-b24f-5e140ac69200,3152511419,315,2025-12-31,,2025-12-31,Done
05dc2a74-e612-11f0-811d-0a4b28ca86c6,3152511201,315,2025-12-31,,2025-12-31,Done
05dd1530-e612-11f0-a448-3e013a4bc24a,3152511201,315,2025-12-31,,2025-12-31,Done
05df85dd-e612-11f0-811d-0a4b28ca86c6,3152511201,315,2025-12-31,,2025-12-31,Done
05e1a903-e612-11f0-836b-7ee4675ecfd7,3152511201,315,2025-12-31,,2025-12-31,Done
06031ca8-e5f9-11f0-bf7b-965e190dd3fa,3152511418,315,2025-12-31,,2025-12-31,Done
06031cb0-e5f9-11f0-b24f-5e140ac69200,3152511418,315,2025-12-31,,2025-12-31,Done
06039269-e5f9-11f0-b810-6e40e3e6024a,3152511418,315,2025-12-31,,2025-12-31,Done
06040762-e5f9-11f0-833b-1a66a98ce176,3152511418,315,2025-12-31,,2025-12-31,Done
0b8e680a-e611-11f0-811d-0a4b28ca86c6,3152511201,315,2025-12-31,,2025-12-31,Done
0b8fc7af-e611-11f0-a448-3e013a4bc24a,3152511201,315,2025-12-31,,2025-12-31,Done
0b91003f-e611-11f0-a448-3e013a4bc24a,3152511201,315,2025-12-31,,2025-12-31,Done
0b92fc17-e611-11f0-a448-3e013a4bc24a,3152511201,315,2025-12-31,,2025-12-31,Done
0d007835-e5f8-11f0-bf7b-965e190dd3fa,3152511418,315,2025-12-31,,2025-12-31,Done
0d01629e-e5f8-11f0-b810-6e40e3e6024a,3152511418,315,2025-12-31,,2025-12-31,Done
0d01b0c3-e5f8-11f0-b810-6e40e3e6024a,3152511418,315,2025-12-31,,2025-12-31,Done
0d0225ec-e5f8-11f0-bf7b-965e190dd3fa,3152511418,315,2025-12-31,,2025-12-31,Done
0d99e0c0-e617-11f0-92cb-ce426f076598,3152511419,315,2025-12-31,,2025-12-31,Done
1135aa1b-e610-11f0-af20-1292749790e6,3152511201,315,2025-12-31,,2025-12-31,Done
115d559e-e610-11f0-92cb-ce426f076598,3152511201,315,2025-12-31,,2025-12-31,Done
1176aa1e-e610-11f0-af20-1292749790e6,3152511201,315,2025-12-31,,2025-12-31,Done
202a5ab5-e61a-11f0-836b-7ee4675ecfd7,3152511201,315,2025-12-31,,2025-12-31,Done
203137c6-e61a-11f0-92cb-ce426f076598,3152511201,315,2025-12-31,,2025-12-31,Done
2032be6e-e61a-11f0-92cb-ce426f076598,3152511201,315,2025-12-31,,2025-12-31,Done
223a3ae3-e60d-11f0-92cb-ce426f076598,3152511419,315,2025-12-31,,2025-12-31,Done
238c2907-e5b3-11f0-b91f-f260ad480fb9,3152511419,315,2025-12-31,,2025-12-31,Done
28f27151-e5f9-11f0-b24f-5e140ac69200,3152511418,315,2025-12-31,,2025-12-31,Done
28f35bb8-e5f9-11f0-b24f-5e140ac69200,3152511418,315,2025-12-31,,2025-12-31,Done
28f6ddc3-e5f9-11f0-b810-6e40e3e6024a,3152511418,315,2025-12-31,,2025-12-31,Done
28f72be8-e5f9-11f0-b810-6e40e3e6024a,3152511418,315,2025-12-31,,2025-12-31,Done
298a6d01-e638-11f0-af20-1292749790e6,3152511419,315,2025-12-31,,2025-12-31,Done
29a87151-e612-11f0-92cb-ce426f076598,3152511201,315,2025-12-31,,2025-12-31,Done
29adefec-e612-11f0-811d-0a4b28ca86c6,3152511201,315,2025-12-31,,2025-12-31,Done
29b14b0a-e612-11f0-92cb-ce426f076598,3152511201,315,2025-12-31,,2025-12-31,Done
29b1c058-e612-11f0-836b-7ee4675ecfd7,3152511201,315,2025-12-31,,2025-12-31,Done
2d4ef446-e5ac-11f0-b810-6e40e3e6024a,3152511419,315,2025-12-31,,2025-12-31,Done
2deaae2d-e5f8-11f0-bf7b-965e190dd3fa,3152511418,315,2025-12-31,,2025-12-31,Done
2deb235a-e5f8-11f0-b810-6e40e3e6024a,3152511418,315,2025-12-31,,2025-12-31,Done
2deb235b-e5f8-11f0-b810-6e40e3e6024a,3152511418,315,2025-12-31,,2025-12-31,Done
2decf824-e5f8-11f0-bf7b-965e190dd3fa,3152511418,315,2025-12-31,,2025-12-31,Done
2f4ec87c-e611-11f0-a448-3e013a4bc24a,3152511201,315,2025-12-31,,2025-12-31,Done
2f50013c-e611-11f0-92cb-ce426f076598,3152511201,315,2025-12-31,,2025-12-31,Done
34ebd031-e610-11f0-811d-0a4b28ca86c6,3152511201,315,2025-12-31,,2025-12-31,Done
34efef47-e610-11f0-92cb-ce426f076598,3152511201,315,2025-12-31,,2025-12-31,Done
34f2392c-e610-11f0-836b-7ee4675ecfd7,3152511201,315,2025-12-31,,2025-12-31,Done
3abfedfb-e60f-11f0-836b-7ee4675ecfd7,3152511201,315,2025-12-31,,2025-12-31,Done
43f89cf9-e61a-11f0-836b-7ee4675ecfd7,3152511201,315,2025-12-31,,2025-12-31,Done
43fa7212-e61a-11f0-92cb-ce426f076598,3152511201,315,2025-12-31,,2025-12-31,Done
440064f1-e61a-11f0-a448-3e013a4bc24a,3152511201,315,2025-12-31,,2025-12-31,Done
44037272-e61a-11f0-836b-7ee4675ecfd7,3152511201,315,2025-12-31,,2025-12-31,Done
440c4bb6-e61a-11f0-811d-0a4b28ca86c6,3152511201,315,2025-12-31,,2025-12-31,Done
47d19cb0-e5a1-11f0-833b-1a66a98ce176,3152511419,315,2025-12-31,,2025-12-31,Done
4be96645-e5f9-11f0-b24f-5e140ac69200,3152511418,315,2025-12-31,,2025-12-31,Done
4bea02bb-e5f9-11f0-bf7b-965e190dd3fa,3152511418,315,2025-12-31,,2025-12-31,Done
4be918d6-e5f9-11f0-b810-6e40e3e6024a,3152511418,315,2025-12-31,,2025-12-31,Done
4be7b88e-e5f9-11f0-b24f-5e140ac69200,3152511418,315,2025-12-31,,2025-12-31,Done
4b2301af-e621-11f0-af20-1292749790e6,3152511778,315,2025-12-31,2025-12-31,2025-12-31,Done
4d6e011a-e612-11f0-811d-0a4b28ca86c6,3152511201,315,2025-12-31,,2025-12-31,Done
4d73a6ca-e612-11f0-af20-1292749790e6,3152511201,315,2025-12-31,,2025-12-31,Done
4d78af76-e612-11f0-92cb-ce426f076598,3152511201,315,2025-12-31,,2025-12-31,Done
5147defc-e5f8-11f0-bf7b-965e190dd3fa,3152511418,315,2025-12-31,,2025-12-31,Done
51487add-e5f8-11f0-b810-6e40e3e6024a,3152511418,315,2025-12-31,,2025-12-31,Done
5309d07d-e611-11f0-836b-7ee4675ecfd7,3152511201,315,2025-12-31,,2025-12-31,Done
530def43-e611-11f0-a448-3e013a4bc24a,3152511201,315,2025-12-31,,2025-12-31,Done
53101226-e611-11f0-836b-7ee4675ecfd7,3152511201,315,2025-12-31,,2025-12-31,Done
531ae84a-e611-11f0-811d-0a4b28ca86c6,3152511201,315,2025-12-31,,2025-12-31,Done
544da8be-e621-11f0-af20-1292749790e6,3152511778,315,2025-12-31,2025-12-31,2025-12-31,Done
54ed97cc-e604-11f0-92cb-ce426f076598,3152511419,315,2025-12-31,,2025-12-31,Done
63df3cc6-e628-11f0-811d-0a4b28ca86c6,3152511778,315,2025-12-31,2025-12-31,2025-12-31,Done
67d3b0ae-e61a-11f0-92cb-ce426f076598,3152511201,315,2025-12-31,,2025-12-31,Done
67ddc2d7-e61a-11f0-92cb-ce426f076598,3152511201,315,2025-12-31,,2025-12-31,Done
6d65e358-e619-11f0-92cb-ce426f076598,3152511201,315,2025-12-31,,2025-12-31,Done
6d66588d-e619-11f0-92cb-ce426f076598,3152511201,315,2025-12-31,,2025-12-31,Done
6d671bf1-e619-11f0-811d-0a4b28ca86c6,3152511201,315,2025-12-31,,2025-12-31,Done
6d67df36-e619-11f0-92cb-ce426f076598,3152511201,315,2025-12-31,,2025-12-31,Done
6f84d985-e5f9-11f0-bf7b-965e190dd3fa,3152511418,315,2025-12-31,,2025-12-31,Done
70f386f9-e5b3-11f0-b810-6e40e3e6024a,3152511419,315,2025-12-31,,2025-12-31,Done
71395d43-e612-11f0-af20-1292749790e6,3152511201,315,2025-12-31,,2025-12-31,Done
713cdfb0-e612-11f0-836b-7ee4675ecfd7,3152511419,315,2025-12-31,,2025-12-31,Done
713cdfb1-e612-11f0-836b-7ee4675ecfd7,3152511201,315,2025-12-31,,2025-12-31,Done
713d7c71-e612-11f0-811d-0a4b28ca86c6,3152511201,315,2025-12-31,,2025-12-31,Done
713e665a-e612-11f0-836b-7ee4675ecfd7,3152511201,315,2025-12-31,,2025-12-31,Done
74d2b023-e5f8-11f0-833b-1a66a98ce176,3152511418,315,2025-12-31,,2025-12-31,Done
74ac154b-e5f8-11f0-833b-1a66a98ce176,3152511418,315,2025-12-31,,2025-12-31,Done
76d701ac-e611-11f0-a448-3e013a4bc24a,3152511201,315,2025-12-31,,2025-12-31,Done
76ebc24d-e611-11f0-a448-3e013a4bc24a,3152511201,315,2025-12-31,,2025-12-31,Done
76ec5f2d-e611-11f0-836b-7ee4675ecfd7,3152511201,315,2025-12-31,,2025-12-31,Done
7702a5d9-e611-11f0-811d-0a4b28ca86c6,3152511201,315,2025-12-31,,2025-12-31,Done
74ab2a67-e5f8-11f0-b810-6e40e3e6024a,3152511418,315,2025-12-31,,2025-12-31,Done
74ab036b-e5f8-11f0-b24f-5e140ac69200,3152511418,315,2025-12-31,,2025-12-31,Done
911ec8cb-e619-11f0-811d-0a4b28ca86c6,3152511201,315,2025-12-31,,2025-12-31,Done
91255909-e619-11f0-92cb-ce426f076598,3152511201,315,2025-12-31,,2025-12-31,Done
912901e9-e619-11f0-836b-7ee4675ecfd7,3152511201,315,2025-12-31,,2025-12-31,Done
94ef5d09-e612-11f0-92cb-ce426f076598,3152511201,315,2025-12-31,,2025-12-31,Done
94f2dfe1-e612-11f0-af20-1292749790e6,3152511201,315,2025-12-31,,2025-12-31,Done
94f6d732-e612-11f0-92cb-ce426f076598,3152511201,315,2025-12-31,,2025-12-31,Done
96fd6d31-e623-11f0-836b-7ee4675ecfd7,3152511778,315,2025-12-31,2025-12-31,2025-12-31,Done
9890772c-e5f8-11f0-b24f-5e140ac69200,3152511418,315,2025-12-31,,2025-12-31,Done
9893f999-e5f8-11f0-b810-6e40e3e6024a,3152511418,315,2025-12-31,,2025-12-31,Done
989420d0-e5f8-11f0-bf7b-965e190dd3fa,3152511418,315,2025-12-31,,2025-12-31,Done
9895f597-e5f8-11f0-bf7b-965e190dd3fa,3152511418,315,2025-12-31,,2025-12-31,Done
9a960232-e611-11f0-836b-7ee4675ecfd7,3152511201,315,2025-12-31,,2025-12-31,Done
9a984c7f-e611-11f0-a448-3e013a4bc24a,3152511201,315,2025-12-31,,2025-12-31,Done
9a9df18b-e611-11f0-836b-7ee4675ecfd7,3152511201,315,2025-12-31,,2025-12-31,Done
9b165067-e623-11f0-92cb-ce426f076598,3152511778,315,2025-12-31,2025-12-31,2025-12-31,Done
a06da1e9-e610-11f0-a448-3e013a4bc24a,3152511201,315,2025-12-31,,2025-12-31,Done
a079c8d4-e616-11f0-811d-0a4b28ca86c6,3152511419,315,2025-12-31,2025-12-31,2025-12-31,Done
a5ece8ee-e60f-11f0-af20-1292749790e6,3152511201,315,2025-12-31,,2025-12-31,Done
b296b8d0-e5c7-11f0-833b-1a66a98ce176,3152511419,315,2025-12-31,,2025-12-31,Done
b4dee11f-e5a7-11f0-bf7b-965e190dd3fa,3152511419,315,2025-12-31,,2025-12-31,Done
b4f9410e-e619-11f0-af20-1292749790e6,3152511201,315,2025-12-31,,2025-12-31,Done
b5068708-e619-11f0-92cb-ce426f076598,3152511201,315,2025-12-31,,2025-12-31,Done
bb98f380-e5e5-11f0-bf7b-965e190dd3fa,3152511419,315,2025-12-31,,2025-12-31,Done
be5d6676-e611-11f0-836b-7ee4675ecfd7,3152511201,315,2025-12-31,,2025-12-31,Done
be5f3b7b-e611-11f0-a448-3e013a4bc24a,3152511201,315,2025-12-31,,2025-12-31,Done
be62e4eb-e611-11f0-811d-0a4b28ca86c6,3152511201,315,2025-12-31,,2025-12-31,Done
be649301-e611-11f0-92cb-ce426f076598,3152511201,315,2025-12-31,,2025-12-31,Done
be694db4-e611-11f0-a448-3e013a4bc24a,3152511201,315,2025-12-31,,2025-12-31,Done
c1e2c67d-e5f8-11f0-b24f-5e140ac69200,3152511418,315,2025-12-31,,2025-12-31,Done
c1e2ed59-e5f8-11f0-833b-1a66a98ce176,3152511418,315,2025-12-31,,2025-12-31,Done
c1e3fede-e5f8-11f0-b810-6e40e3e6024a,3152511418,315,2025-12-31,,2025-12-31,Done
c2a15098-e5f7-11f0-b24f-5e140ac69200,3152511418,315,2025-12-31,,2025-12-31,Done
c2a3c27f-e5f7-11f0-b810-6e40e3e6024a,3152511418,315,2025-12-31,,2025-12-31,Done
c2a54898-e5f7-11f0-833b-1a66a98ce176,3152511418,315,2025-12-31,,2025-12-31,Done
c412d8d0-e610-11f0-92cb-ce426f076598,3152511201,315,2025-12-31,,2025-12-31,Done
c415e5c1-e610-11f0-a448-3e013a4bc24a,3152511201,315,2025-12-31,,2025-12-31,Done
c6cc1f4d-e655-11f0-af20-1292749790e6,3152511419,315,2025-12-31,,2025-12-31,Done
c88c51b6-e5f6-11f0-bf7b-965e190dd3fa,3152511419,315,2025-12-31,,2025-12-31,Done
c9a7a3c5-e60f-11f0-af20-1292749790e6,3152511201,315,2025-12-31,,2025-12-31,Done
c9a9ee18-e60f-11f0-811d-0a4b28ca86c6,3152511201,315,2025-12-31,,2025-12-31,Done
c9aa14cd-e60f-11f0-af20-1292749790e6,3152511201,315,2025-12-31,,2025-12-31,Done
c9b75af6-e60f-11f0-836b-7ee4675ecfd7,3152511201,315,2025-12-31,,2025-12-31,Done
cd0b2fff-e5bc-11f0-833b-1a66a98ce176,3152511419,315,2025-12-31,,2025-12-31,Done
d03952a0-e5ee-11f0-b91f-f260ad480fb9,3152511419,315,2025-12-31,,2025-12-31,Done
d89fd657-e619-11f0-92cb-ce426f076598,3152511201,315,2025-12-31,,2025-12-31,Done
d8c38b28-e619-11f0-92cb-ce426f076598,3152511201,315,2025-12-31,,2025-12-31,Done
d8d58cc6-e619-11f0-92cb-ce426f076598,3152511201,315,2025-12-31,,2025-12-31,Done
d8fdfbf2-e619-11f0-811d-0a4b28ca86c6,3152511201,315,2025-12-31,,2025-12-31,Done
dc8ab044-e5a0-11f0-833b-1a66a98ce176,3152511419,315,2025-12-31,,2025-12-31,Done
e10fbbd5-e5f8-11f0-b24f-5e140ac69200,3152511418,315,2025-12-31,,2025-12-31,Done
e1111b59-e5f8-11f0-833b-1a66a98ce176,3152511418,315,2025-12-31,,2025-12-31,Done
e111b79e-e5f8-11f0-833b-1a66a98ce176,3152511418,315,2025-12-31,,2025-12-31,Done
e111deab-e5f8-11f0-bf7b-965e190dd3fa,3152511418,315,2025-12-31,,2025-12-31,Done
e1e649a1-e616-11f0-92cb-ce426f076598,3152511418,315,2025-12-31,2025-12-31,2025-12-31,Done
e22c45b3-e611-11f0-836b-7ee4675ecfd7,3152511419,315,2025-12-31,,2025-12-31,Done
e22cbb15-e611-11f0-92cb-ce426f076598,3152511201,315,2025-12-31,,2025-12-31,Done
e23323fb-e611-11f0-a448-3e013a4bc24a,3152511201,315,2025-12-31,,2025-12-31,Done
e24684cf-e611-11f0-92cb-ce426f076598,3152511201,315,2025-12-31,,2025-12-31,Done
e2485900-e611-11f0-811d-0a4b28ca86c6,3152511201,315,2025-12-31,,2025-12-31,Done
e61935d8-e5f7-11f0-b91f-f260ad480fb9,3152511418,315,2025-12-31,,2025-12-31,Done
e61a471c-e5f7-11f0-b24f-5e140ac69200,3152511418,315,2025-12-31,,2025-12-31,Done
e61a6e5f-e5f7-11f0-b810-6e40e3e6024a,3152511418,315,2025-12-31,,2025-12-31,Done
e61b0aab-e5f7-11f0-bf7b-965e190dd3fa,3152511418,315,2025-12-31,,2025-12-31,Done
e7a21130-e622-11f0-836b-7ee4675ecfd7,3152511419,315,2025-12-31,,2025-12-31,Done
e7d5344b-e610-11f0-811d-0a4b28ca86c6,3152511201,315,2025-12-31,,2025-12-31,Done
e7d5d0e7-e610-11f0-a448-3e013a4bc24a,3152511201,315,2025-12-31,,2025-12-31,Done
e7d9535f-e610-11f0-a448-3e013a4bc24a,3152511201,315,2025-12-31,,2025-12-31,Done
e7db4f3e-e610-11f0-a448-3e013a4bc24a,3152511201,315,2025-12-31,,2025-12-31,Done
e7e190da-e610-11f0-836b-7ee4675ecfd7,3152511201,315,2025-12-31,,2025-12-31,Done
ecb2862c-e5d6-11f0-833b-1a66a98ce176,3152511419,315,2025-12-31,,2025-12-31,Done
ed6f7dfc-e60f-11f0-92cb-ce426f076598,3152511201,315,2025-12-31,,2025-12-31,Done
ed780949-e60f-11f0-836b-7ee4675ecfd7,3152511201,315,2025-12-31,,2025-12-31,Done
ed915da0-e60f-11f0-811d-0a4b28ca86c6,3152511201,315,2025-12-31,,2025-12-31,Done
f7ce1289-e61e-11f0-a448-3e013a4bc24a,3152511778,315,2025-12-31,2025-12-31,2025-12-31,Done
f8141b97-e61e-11f0-a448-3e013a4bc24a,3152511778,315,2025-12-31,2025-12-31,2025-12-31,Done
f90be91d-e61e-11f0-a448-3e013a4bc24a,3152511778,315,2025-12-31,2025-12-31,2025-12-31,Done
f97d9746-e61e-11f0-a448-3e013a4bc24a,3152511778,315,2025-12-31,2025-12-31,2025-12-31,Done
f996cc46-e5eb-11f0-b91f-f260ad480fb9,3152511419,315,2025-12-31,2025-12-31,2025-12-31,Done
f8c5df29-e61e-11f0-a448-3e013a4bc24a,3152511778,315,2025-12-31,2025-12-31,2025-12-31,Done
f9c48a9d-e61e-11f0-a448-3e013a4bc24a,3152511778,315,2025-12-31,2025-12-31,2025-12-31,Done
f8a3d917-e61e-11f0-a448-3e013a4bc24a,3152511778,315,2025-12-31,2025-12-31,2025-12-31,Done
f9ea3b2c-e61e-11f0-a448-3e013a4bc24a,3152511778,315,2025-12-31,2025-12-31,2025-12-31,Done
fa0d058e-e61e-11f0-a448-3e013a4bc24a,3152511778,315,2025-12-31,2025-12-31,2025-12-31,Done
fa57ca72-e61e-11f0-a448-3e013a4bc24a,3152511778,315,2025-12-31,2025-12-31,2025-12-31,Done
fa5c3cfd-e626-11f0-af20-1292749790e6,3152511419,315,2025-12-31,,2025-12-31,Done
f87dda64-e61e-11f0-a448-3e013a4bc24a,3152511778,315,2025-12-31,2025-12-31,2025-12-31,Done
fa7fec04-e61e-11f0-a448-3e013a4bc24a,3152511778,315,2025-12-31,2025-12-31,2025-12-31,Done
faf0d5aa-e61e-11f0-a448-3e013a4bc24a,3152511778,315,2025-12-31,2025-12-31,2025-12-31,Done
f85c6f90-e61e-11f0-a448-3e013a4bc24a,3152511778,315,2025-12-31,2025-12-31,2025-12-31,Done
fc63b91d-e619-11f0-811d-0a4b28ca86c6,3152511201,315,2025-12-31,,2025-12-31,Done
fc64ca1b-e619-11f0-92cb-ce426f076598,3152511419,315,2025-12-31,,2025-12-31,Done
fc66c66a-e619-11f0-811d-0a4b28ca86c6,3152511201,315,2025-12-31,,2025-12-31,Done
fc6873d8-e619-11f0-af20-1292749790e6,3152511201,315,2025-12-31,,2025-12-31,Done
fe74f87f-e60c-11f0-836b-7ee4675ecfd7,3152511419,315,2025-12-31,,2025-12-31,Done
3b5ea608-e661-11f0-a448-3e013a4bc24a,3152511419,315,2025-12-31,,2026-01-01,Other
42631fb2-e65b-11f0-836b-7ee4675ecfd7,3152511419,315,2025-12-31,,2026-01-01,Other
5d84e347-e61f-11f0-811d-0a4b28ca86c6,3152511778,315,2025-12-31,2025-12-31,,Other
f83622b1-e61e-11f0-a448-3e013a4bc24a,3152511778,315,2025-12-31,2025-12-31,,Other
f930d674-e61e-11f0-a448-3e013a4bc24a,3152511778,315,2025-12-31,2025-12-31,,Other
f9a394fe-e61e-11f0-a448-3e013a4bc24a,3152511778,315,2025-12-31,2025-12-31,,Other
f7ef2e51-e61e-11f0-a448-3e013a4bc24a,3152511778,315,2025-12-31,2026-01-05,2026-01-05,Todo
f8eb1a8c-e61e-11f0-a448-3e013a4bc24a,3152511778,315,2025-12-31,2026-01-05,2026-01-05,Todo
f95cc8b1-e61e-11f0-a448-3e013a4bc24a,3152511778,315,2025-12-31,2026-01-05,2026-01-05,Todo
fa32dd32-e61e-11f0-a448-3e013a4bc24a,3152511778,315,2025-12-31,2026-01-05,2026-01-05,Todo
faa414f6-e61e-11f0-a448-3e013a4bc24a,3152511778,315,2025-12-31,2026-01-05,2026-01-05,Todo
facb9a46-e61e-11f0-a448-3e013a4bc24a,3152511778,315,2025-12-31,2026-01-05,2026-01-05,Todo
fb1b1a19-e61e-11f0-a448-3e013a4bc24a,3152511778,315,2025-12-31,2026-01-05,2026-01-05,Todo
