task_id,task_start_date,task_claim_date,task_end_date,proc_key,v4_category,event_date
30b9d37e-e09c-11f0-867b-4a3c555931f0,2025-12-24,2025-12-25,2026-01-05,V3_5_2_8_3,Doing,2025-12-25
04233597-e168-11f0-86aa-4ed4e1f8f5a1,2025-12-25,,2025-12-25,V3_5_3_5_1,Done,2025-12-25
04a73290-e168-11f0-9fad-82af1fe3534c,2025-12-25,,2025-12-25,V3_5_3_5_1,Done,2025-12-25
04b6000c-e168-11f0-867b-4a3c555931f0,2025-12-25,,2025-12-25,V3_5_3_5_1,Done,2025-12-25
0560027e-e0f6-11f0-ba03-024335f9cdd9,2025-12-25,,2025-12-25,V3_5_3_9_1,Done,2025-12-25
05622ae1-e109-11f0-86aa-4ed4e1f8f5a1,2025-12-25,,2025-12-25,V3_5_3_9_1,Done,2025-12-25
0676a3ac-e135-11f0-bad7-ee29dab7ab92,2025-12-25,,2025-12-25,V3_5_3_10_1,Done,2025-12-25
08444fd8-e13b-11f0-867b-4a3c555931f0,2025-12-25,,2025-12-25,V3_5_3_5_1,Done,2025-12-25
0844ec1e-e13b-11f0-867b-4a3c555931f0,2025-12-25,,2025-12-25,V3_5_3_5_1,Done,2025-12-25
085937c0-e13b-11f0-ba03-024335f9cdd9,2025-12-25,,2025-12-25,V3_5_3_5_1,Done,2025-12-25
085985bd-e13b-11f0-86aa-4ed4e1f8f5a1,2025-12-25,,2025-12-25,V3_5_3_5_1,Done,2025-12-25
085d088b-e13b-11f0-bad7-ee29dab7ab92,2025-12-25,,2025-12-25,V3_5_3_5_1,Done,2025-12-25
123ad7f3-e198-11f0-bf7b-965e190dd3fa,2025-12-25,,2025-12-25,V3_5_3_5_1,Done,2025-12-25
1c4349ff-e16a-11f0-86aa-4ed4e1f8f5a1,2025-12-25,,2025-12-25,V3_5_3_5_1,Done,2025-12-25
1c437011-e16a-11f0-86aa-4ed4e1f8f5a1,2025-12-25,,2025-12-25,V3_5_3_5_1,Done,2025-12-25
1c4544d8-e16a-11f0-86aa-4ed4e1f8f5a1,2025-12-25,,2025-12-25,V3_5_3_5_1,Done,2025-12-25
1c58f49c-e16a-11f0-9fad-82af1fe3534c,2025-12-25,,2025-12-25,V3_5_3_5_1,Done,2025-12-25
1cdcbd0b-def4-11f0-9fad-82af1fe3534c,2025-12-22,2025-12-22,2025-12-25,V3_5_2_4_4,Done,2025-12-25
219710d2-def4-11f0-86aa-4ed4e1f8f5a1,2025-12-22,2025-12-22,2025-12-25,V3_5_2_5_1,Done,2025-12-25
21e4e59a-e169-11f0-86aa-4ed4e1f8f5a1,2025-12-25,,2025-12-25,V3_5_3_5_1,Done,2025-12-25
21e55afe-e169-11f0-bad7-ee29dab7ab92,2025-12-25,,2025-12-25,V3_5_3_5_1,Done,2025-12-25
21e72f9f-e169-11f0-86aa-4ed4e1f8f5a1,2025-12-25,,2025-12-25,V3_5_3_5_1,Done,2025-12-25
21f31343-def4-11f0-86aa-4ed4e1f8f5a1,2025-12-22,2025-12-22,2025-12-25,V3_5_2_4_4,Done,2025-12-25
224ca4a3-def4-11f0-86aa-4ed4e1f8f5a1,2025-12-22,2025-12-22,2025-12-25,V3_5_2_7_1,Done,2025-12-25
2797e6d6-e168-11f0-bad7-ee29dab7ab92,2025-12-25,,2025-12-25,V3_5_3_5_1,Done,2025-12-25
2798f7ac-e168-11f0-ba03-024335f9cdd9,2025-12-25,,2025-12-25,V3_5_3_5_1,Done,2025-12-25
279b1afe-e168-11f0-86aa-4ed4e1f8f5a1,2025-12-25,,2025-12-25,V3_5_3_5_1,Done,2025-12-25
279cc8cb-e168-11f0-9fad-82af1fe3534c,2025-12-25,,2025-12-25,V3_5_3_5_1,Done,2025-12-25
2b53c4c3-e162-11f0-bad7-ee29dab7ab92,2025-12-25,2025-12-25,2025-12-25,V3_5_4_2_1,Done,2025-12-25
2c026656-e13b-11f0-bad7-ee29dab7ab92,2025-12-25,,2025-12-25,V3_5_3_5_1,Done,2025-12-25
2c059a16-e13b-11f0-867b-4a3c555931f0,2025-12-25,,2025-12-25,V3_5_3_5_1,Done,2025-12-25
2c059a17-e13b-11f0-867b-4a3c555931f0,2025-12-25,,2025-12-25,V3_5_3_5_1,Done,2025-12-25
2c0636f0-e13b-11f0-bad7-ee29dab7ab92,2025-12-25,,2025-12-25,V3_5_3_5_1,Done,2025-12-25
2c06abad-e13b-11f0-ba03-024335f9cdd9,2025-12-25,,2025-12-25,V3_5_3_5_1,Done,2025-12-25
2c0b8e29-e13b-11f0-bad7-ee29dab7ab92,2025-12-25,,2025-12-25,V3_5_3_5_1,Done,2025-12-25
2c1096c5-e13b-11f0-ba03-024335f9cdd9,2025-12-25,,2025-12-25,V3_5_3_5_1,Done,2025-12-25
2c10bd7a-e13b-11f0-9fad-82af1fe3534c,2025-12-25,,2025-12-25,V3_5_3_5_1,Done,2025-12-25
2c13f1d4-e13b-11f0-9fad-82af1fe3534c,2025-12-25,,2025-12-25,V3_5_3_5_1,Done,2025-12-25
2c17c272-e13b-11f0-9fad-82af1fe3534c,2025-12-25,,2025-12-25,V3_5_3_5_1,Done,2025-12-25
2d2e72d5-e174-11f0-bad7-ee29dab7ab92,2025-12-25,,2025-12-25,V3_5_3_5_1,Done,2025-12-25
3164925a-e160-11f0-86aa-4ed4e1f8f5a1,2025-12-25,,2025-12-25,V3_5_3_5_1,Done,2025-12-25
43eccee8-e163-11f0-ba03-024335f9cdd9,2025-12-25,,2025-12-25,V3_5_3_10_1,Done,2025-12-25
43ed917f-e163-11f0-9fad-82af1fe3534c,2025-12-25,,2025-12-25,V3_5_3_10_1,Done,2025-12-25
43ef8d6d-e163-11f0-bad7-ee29dab7ab92,2025-12-25,,2025-12-25,V3_5_3_10_1,Done,2025-12-25
45234e36-e0a6-11f0-9fad-82af1fe3534c,2025-12-24,2025-12-25,2025-12-25,V3_5_1_10_1,Done,2025-12-25
45a82bcb-e169-11f0-bad7-ee29dab7ab92,2025-12-25,,2025-12-25,V3_5_3_5_1,Done,2025-12-25
45a9d927-e169-11f0-ba03-024335f9cdd9,2025-12-25,,2025-12-25,V3_5_3_5_1,Done,2025-12-25
45ac715e-e169-11f0-9fad-82af1fe3534c,2025-12-25,,2025-12-25,V3_5_3_5_1,Done,2025-12-25
45b28c0b-e169-11f0-867b-4a3c555931f0,2025-12-25,,2025-12-25,V3_5_3_5_1,Done,2025-12-25
45b32863-e169-11f0-bad7-ee29dab7ab92,2025-12-25,,2025-12-25,V3_5_3_5_1,Done,2025-12-25
4b61470e-e168-11f0-86aa-4ed4e1f8f5a1,2025-12-25,,2025-12-25,V3_5_3_5_1,Done,2025-12-25
4b6cdff4-e168-11f0-867b-4a3c555931f0,2025-12-25,,2025-12-25,V3_5_3_5_1,Done,2025-12-25
4b664fb1-e168-11f0-bad7-ee29dab7ab92,2025-12-25,,2025-12-25,V3_5_3_5_1,Done,2025-12-25
4b65dabf-e168-11f0-9fad-82af1fe3534c,2025-12-25,,2025-12-25,V3_5_3_5_1,Done,2025-12-25
4b623175-e168-11f0-86aa-4ed4e1f8f5a1,2025-12-25,,2025-12-25,V3_5_3_5_1,Done,2025-12-25
4f4b56a9-e161-11f0-86aa-4ed4e1f8f5a1,2025-12-25,,2025-12-25,V3_5_3_5_1,Done,2025-12-25
4fc3137e-e13b-11f0-9fad-82af1fe3534c,2025-12-25,,2025-12-25,V3_5_3_5_1,Done,2025-12-25
5881baa9-e12d-11f0-86aa-4ed4e1f8f5a1,2025-12-25,,2025-12-25,V3_5_3_5_1,Done,2025-12-25
588208ce-e12d-11f0-86aa-4ed4e1f8f5a1,2025-12-25,,2025-12-25,V3_5_3_10_1,Done,2025-12-25
5d9f176e-e16c-11f0-867b-4a3c555931f0,2025-12-25,,2025-12-25,V3_5_3_9_1,Done,2025-12-25
61526631-e162-11f0-86aa-4ed4e1f8f5a1,2025-12-25,2025-12-25,2025-12-25,V3_5_2_5_2,Done,2025-12-25
67a05cd2-e163-11f0-9fad-82af1fe3534c,2025-12-25,,2025-12-25,V3_5_3_10_1,Done,2025-12-25
67a14724-e163-11f0-867b-4a3c555931f0,2025-12-25,,2025-12-25,V3_5_3_10_1,Done,2025-12-25
67a650e7-e163-11f0-86aa-4ed4e1f8f5a1,2025-12-25,,2025-12-25,V3_5_3_10_1,Done,2025-12-25
67b0626d-e163-11f0-867b-4a3c555931f0,2025-12-25,,2025-12-25,V3_5_3_10_1,Done,2025-12-25
67b4cf57-e163-11f0-867b-4a3c555931f0,2025-12-25,,2025-12-25,V3_5_3_10_1,Done,2025-12-25
67b851b8-e163-11f0-9fad-82af1fe3534c,2025-12-25,,2025-12-25,V3_5_3_10_1,Done,2025-12-25
67c104f8-e163-11f0-86aa-4ed4e1f8f5a1,2025-12-25,,2025-12-25,V3_5_3_10_1,Done,2025-12-25
67c7bb42-e163-11f0-ba03-024335f9cdd9,2025-12-25,,2025-12-25,V3_5_3_10_1,Done,2025-12-25
67ccc48f-e163-11f0-867b-4a3c555931f0,2025-12-25,,2025-12-25,V3_5_3_10_1,Done,2025-12-25
67cd3992-e163-11f0-ba03-024335f9cdd9,2025-12-25,,2025-12-25,V3_5_3_10_1,Done,2025-12-25
67d54ffb-e163-11f0-ba03-024335f9cdd9,2025-12-25,,2025-12-25,V3_5_3_10_1,Done,2025-12-25
67e57c1c-e163-11f0-86aa-4ed4e1f8f5a1,2025-12-25,,2025-12-25,V3_5_3_10_1,Done,2025-12-25
67eef220-e163-11f0-86aa-4ed4e1f8f5a1,2025-12-25,,2025-12-25,V3_5_3_10_1,Done,2025-12-25
68fbca94-e18f-11f0-b810-6e40e3e6024a,2025-12-25,,2025-12-25,V3_5_3_9_1,Done,2025-12-25
698206b6-e169-11f0-86aa-4ed4e1f8f5a1,2025-12-25,,2025-12-25,V3_5_3_5_1,Done,2025-12-25
69878510-e169-11f0-86aa-4ed4e1f8f5a1,2025-12-25,,2025-12-25,V3_5_3_5_1,Done,2025-12-25
69886edf-e169-11f0-9fad-82af1fe3534c,2025-12-25,,2025-12-25,V3_5_3_5_1,Done,2025-12-25
698f9b67-e169-11f0-86aa-4ed4e1f8f5a1,2025-12-25,,2025-12-25,V3_5_3_5_1,Done,2025-12-25
69a1eee2-e162-11f0-867b-4a3c555931f0,2025-12-25,2025-12-25,2025-12-25,V3_5_2_7_2,Done,2025-12-25
73840ff7-e13b-11f0-867b-4a3c555931f0,2025-12-25,,2025-12-25,V3_5_3_5_1,Done,2025-12-25
73841023-e13b-11f0-ba03-024335f9cdd9,2025-12-25,,2025-12-25,V3_5_3_5_1,Done,2025-12-25
73843712-e13b-11f0-86aa-4ed4e1f8f5a1,2025-12-25,,2025-12-25,V3_5_3_5_1,Done,2025-12-25
738ce94d-e13b-11f0-bad7-ee29dab7ab92,2025-12-25,,2025-12-25,V3_5_3_5_1,Done,2025-12-25
738d5f13-e13b-11f0-9fad-82af1fe3534c,2025-12-25,,2025-12-25,V3_5_3_5_1,Done,2025-12-25
7390932b-e13b-11f0-86aa-4ed4e1f8f5a1,2025-12-25,,2025-12-25,V3_5_3_5_1,Done,2025-12-25
7391cb55-e13b-11f0-bad7-ee29dab7ab92,2025-12-25,,2025-12-25,V3_5_3_5_1,Done,2025-12-25
76a0e6db-e168-11f0-9fad-82af1fe3534c,2025-12-25,,2025-12-25,V3_5_3_5_1,Done,2025-12-25
76a1a9ff-e168-11f0-ba03-024335f9cdd9,2025-12-25,,2025-12-25,V3_5_3_5_1,Done,2025-12-25
76a098de-e168-11f0-86aa-4ed4e1f8f5a1,2025-12-25,,2025-12-25,V3_5_3_5_1,Done,2025-12-25
76a098ed-e168-11f0-bad7-ee29dab7ab92,2025-12-25,,2025-12-25,V3_5_3_5_1,Done,2025-12-25
7ab2b6f6-e16e-11f0-86aa-4ed4e1f8f5a1,2025-12-25,,2025-12-25,V3_5_3_5_1,Done,2025-12-25
7c45d51a-e0e1-11f0-bad7-ee29dab7ab92,2025-12-24,,2025-12-25,V3_5_3_9_1,Done,2025-12-25
8d308c92-e169-11f0-bad7-ee29dab7ab92,2025-12-25,,2025-12-25,V3_5_3_5_1,Done,2025-12-25
8d393f28-e169-11f0-86aa-4ed4e1f8f5a1,2025-12-25,,2025-12-25,V3_5_3_5_1,Done,2025-12-25
8d58d47e-e169-11f0-86aa-4ed4e1f8f5a1,2025-12-25,,2025-12-25,V3_5_3_5_1,Done,2025-12-25
8e39828b-e11d-11f0-9fad-82af1fe3534c,2025-12-25,,2025-12-25,V3_5_3_5_1,Done,2025-12-25
92e5895b-e168-11f0-ba03-024335f9cdd9,2025-12-25,,2025-12-25,V3_5_3_5_1,Done,2025-12-25
92ec3f6c-e168-11f0-bad7-ee29dab7ab92,2025-12-25,,2025-12-25,V3_5_3_5_1,Done,2025-12-25
92f4f2c4-e168-11f0-ba03-024335f9cdd9,2025-12-25,,2025-12-25,V3_5_3_5_1,Done,2025-12-25
92fe1a79-e168-11f0-86aa-4ed4e1f8f5a1,2025-12-25,,2025-12-25,V3_5_3_5_1,Done,2025-12-25
97f32bb4-e173-11f0-bad7-ee29dab7ab92,2025-12-25,2025-12-25,2025-12-25,V3_5_2_4_5,Done,2025-12-25
984b5a4e-e17a-11f0-b91f-f260ad480fb9,2025-12-25,,2025-12-25,V3_5_3_9_1,Done,2025-12-25
990cefb8-dd71-11f0-ba03-024335f9cdd9,2025-12-20,2025-12-20,2025-12-25,V3_5_2_1_10,Done,2025-12-25
9b1b36cc-e15f-11f0-867b-4a3c555931f0,2025-12-25,2025-12-25,2025-12-25,V3_5_3_4_1,Done,2025-12-25
9cfc79ec-e13a-11f0-867b-4a3c555931f0,2025-12-25,,2025-12-25,V3_5_3_5_1,Done,2025-12-25
9cfca0d9-e13a-11f0-bad7-ee29dab7ab92,2025-12-25,,2025-12-25,V3_5_3_5_1,Done,2025-12-25
9d434677-e13a-11f0-9fad-82af1fe3534c,2025-12-25,,2025-12-25,V3_5_3_5_1,Done,2025-12-25
9e10345e-e13a-11f0-867b-4a3c555931f0,2025-12-25,,2025-12-25,V3_5_3_5_1,Done,2025-12-25
9e235862-e0a4-11f0-867b-4a3c555931f0,2025-12-24,2025-12-25,2025-12-25,V3_5_3_7_1,Done,2025-12-25
9e6cd2f6-e13a-11f0-bad7-ee29dab7ab92,2025-12-25,,2025-12-25,V3_5_3_5_1,Done,2025-12-25
9e701729-e173-11f0-bad7-ee29dab7ab92,2025-12-25,2025-12-25,2025-12-25,V3_5_2_4_5,Done,2025-12-25
a00621b5-e0a4-11f0-867b-4a3c555931f0,2025-12-24,2025-12-25,2025-12-25,V3_5_3_2_3,Done,2025-12-25
b31771bc-e0d1-11f0-86aa-4ed4e1f8f5a1,2025-12-24,,2025-12-25,V3_5_3_9_1,Done,2025-12-25
b0f35cc5-e169-11f0-9fad-82af1fe3534c,2025-12-25,,2025-12-25,V3_5_3_5_1,Done,2025-12-25
afc5dd24-e13d-11f0-867b-4a3c555931f0,2025-12-25,,2025-12-25,V3_5_3_9_1,Done,2025-12-25
b1917236-e169-11f0-bad7-ee29dab7ab92,2025-12-25,,2025-12-25,V3_5_3_5_1,Done,2025-12-25
b0f66a6b-e169-11f0-86aa-4ed4e1f8f5a1,2025-12-25,,2025-12-25,V3_5_3_5_1,Done,2025-12-25
b5c042d1-e129-11f0-bad7-ee29dab7ab92,2025-12-25,,2025-12-25,V3_5_3_5_1,Done,2025-12-25
b69c2471-e168-11f0-86aa-4ed4e1f8f5a1,2025-12-25,,2025-12-25,V3_5_3_5_1,Done,2025-12-25
b69f59af-e168-11f0-9fad-82af1fe3534c,2025-12-25,,2025-12-25,V3_5_3_5_1,Done,2025-12-25
b6a12dce-e168-11f0-ba03-024335f9cdd9,2025-12-25,,2025-12-25,V3_5_3_5_1,Done,2025-12-25
b6ac2a28-e168-11f0-9fad-82af1fe3534c,2025-12-25,,2025-12-25,V3_5_3_5_1,Done,2025-12-25
ba824cd7-e0d6-11f0-9fad-82af1fe3534c,2025-12-24,,2025-12-25,V3_5_3_5_1,Done,2025-12-25
bc5c1dd5-e167-11f0-bad7-ee29dab7ab92,2025-12-25,,2025-12-25,V3_5_3_5_1,Done,2025-12-25
be0f2def-e159-11f0-ba03-024335f9cdd9,2025-12-25,,2025-12-25,V3_5_3_9_1,Done,2025-12-25
c0b9a587-e13a-11f0-9fad-82af1fe3534c,2025-12-25,,2025-12-25,V3_5_3_5_1,Done,2025-12-25
c0bc3d74-e13a-11f0-867b-4a3c555931f0,2025-12-25,,2025-12-25,V3_5_3_5_1,Done,2025-12-25
c0bc8b97-e13a-11f0-867b-4a3c555931f0,2025-12-25,,2025-12-25,V3_5_3_5_1,Done,2025-12-25
c0bc8bd8-e13a-11f0-86aa-4ed4e1f8f5a1,2025-12-25,,2025-12-25,V3_5_3_5_1,Done,2025-12-25
c0beaed3-e13a-11f0-bad7-ee29dab7ab92,2025-12-25,,2025-12-25,V3_5_3_5_1,Done,2025-12-25
c0c64ffc-e13a-11f0-bad7-ee29dab7ab92,2025-12-25,,2025-12-25,V3_5_3_5_1,Done,2025-12-25
d3f7b988-e117-11f0-9fad-82af1fe3534c,2025-12-25,,2025-12-25,V3_5_3_9_1,Done,2025-12-25
d4b8293d-e169-11f0-9fad-82af1fe3534c,2025-12-25,,2025-12-25,V3_5_3_5_1,Done,2025-12-25
d4c437c2-e169-11f0-86aa-4ed4e1f8f5a1,2025-12-25,,2025-12-25,V3_5_3_5_1,Done,2025-12-25
d4cbb1dd-e169-11f0-86aa-4ed4e1f8f5a1,2025-12-25,,2025-12-25,V3_5_3_5_1,Done,2025-12-25
d4ce4965-e169-11f0-9fad-82af1fe3534c,2025-12-25,,2025-12-25,V3_5_3_5_1,Done,2025-12-25
da5f4402-e168-11f0-9fad-82af1fe3534c,2025-12-25,,2025-12-25,V3_5_3_5_1,Done,2025-12-25
da62ed82-e168-11f0-86aa-4ed4e1f8f5a1,2025-12-25,,2025-12-25,V3_5_3_5_1,Done,2025-12-25
da69cabb-e168-11f0-867b-4a3c555931f0,2025-12-25,,2025-12-25,V3_5_3_5_1,Done,2025-12-25
da69cb88-e168-11f0-bad7-ee29dab7ab92,2025-12-25,,2025-12-25,V3_5_3_5_1,Done,2025-12-25
df446668-e115-11f0-9fad-82af1fe3534c,2025-12-25,,2025-12-25,V3_5_3_5_1,Done,2025-12-25
e0185f60-e167-11f0-9fad-82af1fe3534c,2025-12-25,,2025-12-25,V3_5_3_5_1,Done,2025-12-25
e01fb1ee-e167-11f0-bad7-ee29dab7ab92,2025-12-25,,2025-12-25,V3_5_3_5_1,Done,2025-12-25
e06b6111-e167-11f0-867b-4a3c555931f0,2025-12-25,,2025-12-25,V3_5_3_5_1,Done,2025-12-25
e0799279-e167-11f0-9fad-82af1fe3534c,2025-12-25,,2025-12-25,V3_5_3_5_1,Done,2025-12-25
e0dcd842-e12e-11f0-86aa-4ed4e1f8f5a1,2025-12-25,,2025-12-25,V3_5_3_9_1,Done,2025-12-25
e47bb32d-e13a-11f0-bad7-ee29dab7ab92,2025-12-25,,2025-12-25,V3_5_3_5_1,Done,2025-12-25
e4a5f7c1-e13a-11f0-86aa-4ed4e1f8f5a1,2025-12-25,,2025-12-25,V3_5_3_5_1,Done,2025-12-25
e4a24e26-e13a-11f0-bad7-ee29dab7ab92,2025-12-25,,2025-12-25,V3_5_3_5_1,Done,2025-12-25
e49aacb1-e13a-11f0-867b-4a3c555931f0,2025-12-25,,2025-12-25,V3_5_3_5_1,Done,2025-12-25
e4966735-e13a-11f0-bad7-ee29dab7ab92,2025-12-25,,2025-12-25,V3_5_3_5_1,Done,2025-12-25
e4935966-e13a-11f0-9fad-82af1fe3534c,2025-12-25,,2025-12-25,V3_5_3_5_1,Done,2025-12-25
e48d3edf-e13a-11f0-9fad-82af1fe3534c,2025-12-25,,2025-12-25,V3_5_3_5_1,Done,2025-12-25
e4801f65-e13a-11f0-9fad-82af1fe3534c,2025-12-25,,2025-12-25,V3_5_3_5_1,Done,2025-12-25
f29f788b-e161-11f0-ba03-024335f9cdd9,2025-12-25,2025-12-25,2025-12-25,V3_5_1_10_5,Done,2025-12-25
f2bf0ea0-e161-11f0-ba03-024335f9cdd9,2025-12-25,2025-12-25,2025-12-25,V3_5_1_10_6,Done,2025-12-25
f2df19ef-e161-11f0-ba03-024335f9cdd9,2025-12-25,,2025-12-25,V3_5_1_10_2,Done,2025-12-25
f2fdecb0-e161-11f0-ba03-024335f9cdd9,2025-12-25,,2025-12-25,V3_5_1_10_4,Done,2025-12-25
f4c4f170-e161-11f0-86aa-4ed4e1f8f5a1,2025-12-25,2025-12-25,2025-12-25,V3_5_1_6_1,Done,2025-12-25
f7957b4b-e12a-11f0-9fad-82af1fe3534c,2025-12-25,,2025-12-25,V3_5_3_5_1,Done,2025-12-25
f879259b-e169-11f0-86aa-4ed4e1f8f5a1,2025-12-25,,2025-12-25,V3_5_3_5_1,Done,2025-12-25
f87c3362-e169-11f0-9fad-82af1fe3534c,2025-12-25,,2025-12-25,V3_5_3_5_1,Done,2025-12-25
f87f1999-e169-11f0-9fad-82af1fe3534c,2025-12-25,,2025-12-25,V3_5_3_5_1,Done,2025-12-25
f88449c0-e169-11f0-ba03-024335f9cdd9,2025-12-25,,2025-12-25,V3_5_3_5_1,Done,2025-12-25
fe212a13-e168-11f0-86aa-4ed4e1f8f5a1,2025-12-25,,2025-12-25,V3_5_3_5_1,Done,2025-12-25
fe22fedc-e168-11f0-86aa-4ed4e1f8f5a1,2025-12-25,,2025-12-25,V3_5_3_5_1,Done,2025-12-25
fe257007-e168-11f0-867b-4a3c555931f0,2025-12-25,,2025-12-25,V3_5_3_5_1,Done,2025-12-25
51910eff-e22a-11f0-bf7b-965e190dd3fa,2025-12-26,2025-12-26,2026-01-06,V3_5_1_7_4,Doing,2025-12-26
5613d7e1-e22a-11f0-bf7b-965e190dd3fa,2025-12-26,2025-12-26,2026-01-06,V3_5_1_10_6,Doing,2025-12-26
017e3062-e1c1-11f0-b24f-5e140ac69200,2025-12-26,,2025-12-26,V3_5_3_9_1,Done,2025-12-26
0b4b04d3-e1f8-11f0-b24f-5e140ac69200,2025-12-26,,2025-12-26,V3_5_3_9_1,Done,2025-12-26
0e095dfd-e219-11f0-833b-1a66a98ce176,2025-12-26,2025-12-26,2025-12-26,V3_5_1_2_8,Done,2025-12-26
10a42afe-e22f-11f0-833b-1a66a98ce176,2025-12-26,2025-12-26,2025-12-26,V3_5_4_4_1,Done,2025-12-26
140e9ed9-e19e-11f0-bf7b-965e190dd3fa,2025-12-25,,2025-12-26,V3_5_3_9_1,Done,2025-12-26
1dfc8c9c-e21b-11f0-b91f-f260ad480fb9,2025-12-26,2025-12-26,2025-12-26,V3_5_1_2_4,Done,2025-12-26
21d44065-def4-11f0-86aa-4ed4e1f8f5a1,2025-12-22,2025-12-22,2025-12-26,V3_5_2_4_1,Done,2025-12-26
2269067b-def4-11f0-86aa-4ed4e1f8f5a1,2025-12-22,2025-12-22,2025-12-26,V3_5_2_7_4,Done,2025-12-26
23cd54d0-e22d-11f0-bf7b-965e190dd3fa,2025-12-26,2025-12-26,2025-12-26,V3_5_1_2_5,Done,2025-12-26
2b336b49-e162-11f0-bad7-ee29dab7ab92,2025-12-25,2025-12-26,2025-12-26,V3_5_3_11_1,Done,2025-12-26
2e3fe6c9-e231-11f0-b810-6e40e3e6024a,2025-12-26,,2025-12-26,V3_5_3_9_1,Done,2025-12-26
30e40d58-e1fe-11f0-833b-1a66a98ce176,2025-12-26,,2025-12-26,V3_5_3_10_1,Done,2025-12-26
44b5795e-e22b-11f0-b24f-5e140ac69200,2025-12-26,2025-12-26,2025-12-26,V3_5_2_5_2,Done,2025-12-26
4638d2d4-e22d-11f0-b810-6e40e3e6024a,2025-12-26,2025-12-26,2025-12-26,V3_5_1_2_3,Done,2025-12-26
46b93e67-e233-11f0-bf7b-965e190dd3fa,2025-12-26,,2025-12-26,V3_5_3_5_1,Done,2025-12-26
4ffab087-e1b3-11f0-833b-1a66a98ce176,2025-12-26,,2025-12-26,V3_5_3_9_1,Done,2025-12-26
51712ab5-e22a-11f0-bf7b-965e190dd3fa,2025-12-26,2025-12-26,2025-12-26,V3_5_1_7_1,Done,2025-12-26
55f52c2c-e22a-11f0-bf7b-965e190dd3fa,2025-12-26,2025-12-26,2025-12-26,V3_5_1_10_5,Done,2025-12-26
56336e00-e22a-11f0-bf7b-965e190dd3fa,2025-12-26,,2025-12-26,V3_5_1_10_2,Done,2025-12-26
56512e51-e22a-11f0-bf7b-965e190dd3fa,2025-12-26,2025-12-26,2025-12-26,V3_5_1_10_4,Done,2025-12-26
5672c03b-e22a-11f0-bf7b-965e190dd3fa,2025-12-26,2025-12-26,2025-12-26,V3_5_1_10_7,Done,2025-12-26
57413424-e22a-11f0-bf7b-965e190dd3fa,2025-12-26,2025-12-26,2025-12-26,V3_5_1_6_1,Done,2025-12-26
5799b43e-e22a-11f0-bf7b-965e190dd3fa,2025-12-26,2025-12-26,2025-12-26,V3_5_2_2_1,Done,2025-12-26
57b70077-e22a-11f0-bf7b-965e190dd3fa,2025-12-26,2025-12-26,2025-12-26,V3_5_2_5_1,Done,2025-12-26
57d277ee-e22a-11f0-bf7b-965e190dd3fa,2025-12-26,2025-12-26,2025-12-26,V3_5_2_6_1,Done,2025-12-26
58159af8-e22a-11f0-bf7b-965e190dd3fa,2025-12-26,2025-12-26,2025-12-26,V3_5_2_4_4,Done,2025-12-26
5835581d-e22a-11f0-bf7b-965e190dd3fa,2025-12-26,2025-12-26,2025-12-26,V3_5_2_3_1,Done,2025-12-26
58a5cd90-e22a-11f0-bf7b-965e190dd3fa,2025-12-26,2025-12-26,2025-12-26,V3_5_2_7_1,Done,2025-12-26
59d58e41-e062-11f0-ba03-024335f9cdd9,2025-12-24,2025-12-24,2025-12-26,V3_5_2_7_5,Done,2025-12-26
5a3e19a1-e1fd-11f0-833b-1a66a98ce176,2025-12-26,,2025-12-26,V3_5_3_5_1,Done,2025-12-26
5eddf189-e22b-11f0-833b-1a66a98ce176,2025-12-26,2025-12-26,2025-12-26,V3_5_2_7_2,Done,2025-12-26
640716e4-e1e2-11f0-b91f-f260ad480fb9,2025-12-26,,2025-12-26,V3_5_3_9_1,Done,2025-12-26
6a0cf30b-e206-11f0-bf7b-965e190dd3fa,2025-12-26,2025-12-26,2025-12-26,V3_5_1_2_10,Done,2025-12-26
6e95f4e8-e21f-11f0-bf7b-965e190dd3fa,2025-12-26,2025-12-26,2025-12-26,V3_5_1_10_1,Done,2025-12-26
76b77174-e206-11f0-b24f-5e140ac69200,2025-12-26,2025-12-26,2025-12-26,V3_5_1_2_2,Done,2025-12-26
75479a8b-e1cc-11f0-b810-6e40e3e6024a,2025-12-26,,2025-12-26,V3_5_3_5_1,Done,2025-12-26
7ba37c9f-e22e-11f0-833b-1a66a98ce176,2025-12-26,2025-12-26,2025-12-26,V3_5_3_7_1,Done,2025-12-26
7bc22769-e22e-11f0-833b-1a66a98ce176,2025-12-26,2025-12-26,2025-12-26,V3_5_2_9_1,Done,2025-12-26
83177198-e22e-11f0-b24f-5e140ac69200,2025-12-26,2025-12-26,2025-12-26,V3_5_2_3_2,Done,2025-12-26
87f0a75d-e228-11f0-bf7b-965e190dd3fa,2025-12-26,2025-12-26,2025-12-26,V3_5_3_4_1,Done,2025-12-26
87f4689f-e22e-11f0-833b-1a66a98ce176,2025-12-26,2025-12-26,2025-12-26,V3_5_2_4_5,Done,2025-12-26
8b826666-df03-11f0-bad7-ee29dab7ab92,2025-12-22,2025-12-22,2025-12-26,V3_5_1_9_1,Done,2025-12-26
9683655c-e206-11f0-b24f-5e140ac69200,2025-12-26,,2025-12-26,V3_5_1_8_1,Done,2025-12-26
97093e74-e228-11f0-bf7b-965e190dd3fa,2025-12-26,2025-12-26,2025-12-26,V3_5_3_4_1,Done,2025-12-26
97b06c5d-dd71-11f0-ba03-024335f9cdd9,2025-12-20,2025-12-22,2025-12-26,V3_5_1_1_11,Done,2025-12-26
994b7eea-e22e-11f0-bf7b-965e190dd3fa,2025-12-26,2025-12-26,2025-12-26,V3_5_1_7_3,Done,2025-12-26
bb7bd76e-e228-11f0-833b-1a66a98ce176,2025-12-26,2025-12-26,2025-12-26,V3_5_3_4_1,Done,2025-12-26
c092ed52-dd72-11f0-ba03-024335f9cdd9,2025-12-20,2025-12-22,2025-12-26,V3_5_1_2_9,Done,2025-12-26
c3b10260-e21a-11f0-833b-1a66a98ce176,2025-12-26,2025-12-26,2025-12-26,V3_5_1_2_1,Done,2025-12-26
ca579485-e255-11f0-b24f-5e140ac69200,2025-12-26,,2025-12-26,V3_5_3_9_1,Done,2025-12-26
ce3e0d8a-e241-11f0-b810-6e40e3e6024a,2025-12-26,,2025-12-26,V3_5_3_9_1,Done,2025-12-26
cfaca33a-e21a-11f0-b24f-5e140ac69200,2025-12-26,2025-12-26,2025-12-26,V3_5_1_2_6,Done,2025-12-26
d4aab12f-e207-11f0-b810-6e40e3e6024a,2025-12-26,,2025-12-26,V3_5_3_9_1,Done,2025-12-26
e041af75-e180-11f0-b810-6e40e3e6024a,2025-12-25,2025-12-26,2025-12-26,V3_5_1_1_1,Done,2025-12-26
e0ae542d-e180-11f0-b810-6e40e3e6024a,2025-12-25,2025-12-26,2025-12-26,V3_5_1_1_2,Done,2025-12-26
e0d42bd3-e180-11f0-b810-6e40e3e6024a,2025-12-25,2025-12-26,2025-12-26,V3_5_1_1_3,Done,2025-12-26
e1209e7b-e180-11f0-b810-6e40e3e6024a,2025-12-25,2025-12-26,2025-12-26,V3_5_1_1_10,Done,2025-12-26
e147fcbf-e180-11f0-b810-6e40e3e6024a,2025-12-25,2025-12-26,2025-12-26,V3_5_1_1_9,Done,2025-12-26
e1780c92-e180-11f0-b810-6e40e3e6024a,2025-12-25,2025-12-26,2025-12-26,V3_5_1_1_8,Done,2025-12-26
e19aafe4-e180-11f0-b810-6e40e3e6024a,2025-12-25,2025-12-26,2025-12-26,V3_5_1_1_5,Done,2025-12-26
e1bf00e7-e180-11f0-b810-6e40e3e6024a,2025-12-25,2025-12-26,2025-12-26,V3_5_1_1_4,Done,2025-12-26
e1e68638-e180-11f0-b810-6e40e3e6024a,2025-12-25,2025-12-26,2025-12-26,V3_5_2_1_1,Done,2025-12-26
e23a730c-e180-11f0-b810-6e40e3e6024a,2025-12-25,2025-12-26,2025-12-26,V3_5_2_1_12,Done,2025-12-26
e29f75b9-e180-11f0-b810-6e40e3e6024a,2025-12-25,2025-12-26,2025-12-26,V3_5_2_1_10,Done,2025-12-26
e2c06b58-e180-11f0-b810-6e40e3e6024a,2025-12-25,2025-12-26,2025-12-26,V3_5_2_1_9,Done,2025-12-26
e3fd7f63-e180-11f0-b810-6e40e3e6024a,2025-12-25,2025-12-26,2025-12-26,V3_5_1_1_7,Done,2025-12-26
e3d7a7c4-e180-11f0-b810-6e40e3e6024a,2025-12-25,2025-12-26,2025-12-26,V3_5_1_1_6,Done,2025-12-26
e3b0beb0-e180-11f0-b810-6e40e3e6024a,2025-12-25,2025-12-26,2025-12-26,V3_5_2_1_2,Done,2025-12-26
e38baa60-e180-11f0-b810-6e40e3e6024a,2025-12-25,2025-12-26,2025-12-26,V3_5_2_1_3,Done,2025-12-26
e3686bce-e180-11f0-b810-6e40e3e6024a,2025-12-25,2025-12-26,2025-12-26,V3_5_2_1_4,Done,2025-12-26
e325480c-e180-11f0-b810-6e40e3e6024a,2025-12-25,2025-12-26,2025-12-26,V3_5_2_1_6,Done,2025-12-26
e30563d9-e180-11f0-b810-6e40e3e6024a,2025-12-25,2025-12-26,2025-12-26,V3_5_2_1_7,Done,2025-12-26
e5b946f7-e224-11f0-833b-1a66a98ce176,2025-12-26,2025-12-26,2025-12-26,V3_5_2_7_5,Done,2025-12-26
e6d3c1ee-e225-11f0-833b-1a66a98ce176,2025-12-26,2025-12-26,2025-12-26,V3_5_1_9_1,Done,2025-12-26
e70559a7-e225-11f0-833b-1a66a98ce176,2025-12-26,2025-12-26,2025-12-26,V3_5_4_1_1,Done,2025-12-26
e7403f05-e225-11f0-833b-1a66a98ce176,2025-12-26,,2025-12-26,V3_5_4_1_6,Done,2025-12-26
e75c52ac-e225-11f0-833b-1a66a98ce176,2025-12-26,2025-12-26,2025-12-26,V3_5_4_1_5,Done,2025-12-26
e778664c-e225-11f0-833b-1a66a98ce176,2025-12-26,,2025-12-26,V3_5_4_1_4,Done,2025-12-26
e79479ee-e225-11f0-833b-1a66a98ce176,2025-12-26,2025-12-26,2025-12-26,V3_5_4_1_3,Done,2025-12-26
e7b150e3-e225-11f0-833b-1a66a98ce176,2025-12-26,2025-12-26,2025-12-26,V3_5_4_1_2,Done,2025-12-26
ea1c79e0-e224-11f0-b24f-5e140ac69200,2025-12-26,2025-12-26,2025-12-26,V3_5_2_4_2,Done,2025-12-26
f6e6bf19-e1db-11f0-b91f-f260ad480fb9,2025-12-26,,2025-12-26,V3_5_3_5_1,Done,2025-12-26
faf71bb3-e1d4-11f0-833b-1a66a98ce176,2025-12-26,,2025-12-26,V3_5_3_9_1,Done,2025-12-26
f9c6038b-e220-11f0-b810-6e40e3e6024a,2025-12-26,,2025-12-26,V3_5_3_9_1,Done,2025-12-26
038f76b1-e22b-11f0-b24f-5e140ac69200,2025-12-26,2025-12-27,2026-01-05,V3_5_2_8_1,Doing,2025-12-27
00a080f1-e2d7-11f0-b24f-5e140ac69200,2025-12-27,,2025-12-27,V3_5_3_5_1,Done,2025-12-27
08dc7d5a-e264-11f0-b24f-5e140ac69200,2025-12-26,,2025-12-27,V3_5_3_9_1,Done,2025-12-27
14bcd699-e27b-11f0-b91f-f260ad480fb9,2025-12-27,,2025-12-27,V3_5_3_9_1,Done,2025-12-27
17368632-e2e6-11f0-833b-1a66a98ce176,2025-12-27,,2025-12-27,V3_5_3_5_1,Done,2025-12-27
1e490d9e-e2fe-11f0-833b-1a66a98ce176,2025-12-27,,2025-12-27,V3_5_3_9_1,Done,2025-12-27
1eb02ed4-e310-11f0-bf7b-965e190dd3fa,2025-12-27,2025-12-27,2025-12-27,V3_5_1_2_5,Done,2025-12-27
272b684f-e237-11f0-b24f-5e140ac69200,2025-12-26,2025-12-27,2025-12-27,V3_5_2_6_3,Done,2025-12-27
2b2fc382-e28a-11f0-bf7b-965e190dd3fa,2025-12-27,,2025-12-27,V3_5_3_9_1,Done,2025-12-27
2cdad553-e22d-11f0-bf7b-965e190dd3fa,2025-12-26,2025-12-27,2025-12-27,V3_5_1_2_7,Done,2025-12-27
2f3c01f5-e2f2-11f0-833b-1a66a98ce176,2025-12-27,2025-12-27,2025-12-27,V3_5_3_4_1,Done,2025-12-27
47f6bde8-e2eb-11f0-833b-1a66a98ce176,2025-12-27,,2025-12-27,V3_5_3_9_1,Done,2025-12-27
485c7f2c-e239-11f0-b810-6e40e3e6024a,2025-12-26,2025-12-27,2025-12-27,V3_5_1_1_2,Done,2025-12-27
491a0328-e239-11f0-b810-6e40e3e6024a,2025-12-26,2025-12-26,2025-12-27,V3_5_1_1_3,Done,2025-12-27
4b8d2582-e239-11f0-b810-6e40e3e6024a,2025-12-26,2025-12-27,2025-12-27,V3_5_2_1_7,Done,2025-12-27
4c3dff37-e239-11f0-b810-6e40e3e6024a,2025-12-26,2025-12-27,2025-12-27,V3_5_2_1_2,Done,2025-12-27
4a809781-e239-11f0-b810-6e40e3e6024a,2025-12-26,2025-12-27,2025-12-27,V3_5_2_1_13,Done,2025-12-27
4ab47933-e239-11f0-b810-6e40e3e6024a,2025-12-26,2025-12-27,2025-12-27,V3_5_2_1_12,Done,2025-12-27
4af37e77-e239-11f0-b810-6e40e3e6024a,2025-12-26,2025-12-27,2025-12-27,V3_5_2_1_11,Done,2025-12-27
4c1d0974-e239-11f0-b810-6e40e3e6024a,2025-12-26,2025-12-27,2025-12-27,V3_5_2_1_3,Done,2025-12-27
4bfa8e0f-e239-11f0-b810-6e40e3e6024a,2025-12-26,2025-12-27,2025-12-27,V3_5_2_1_4,Done,2025-12-27
4bd7758d-e239-11f0-b810-6e40e3e6024a,2025-12-26,2025-12-27,2025-12-27,V3_5_2_1_5,Done,2025-12-27
4a00b929-e239-11f0-b810-6e40e3e6024a,2025-12-26,2025-12-27,2025-12-27,V3_5_1_1_5,Done,2025-12-27
49d711cc-e239-11f0-b810-6e40e3e6024a,2025-12-26,2025-12-27,2025-12-27,V3_5_1_1_8,Done,2025-12-27
49a9c010-e239-11f0-b810-6e40e3e6024a,2025-12-26,2025-12-27,2025-12-27,V3_5_1_1_9,Done,2025-12-27
498854ff-e239-11f0-b810-6e40e3e6024a,2025-12-26,2025-12-27,2025-12-27,V3_5_1_1_10,Done,2025-12-27
4b68d56a-e239-11f0-b810-6e40e3e6024a,2025-12-26,2025-12-27,2025-12-27,V3_5_2_1_8,Done,2025-12-27
4badf429-e239-11f0-b810-6e40e3e6024a,2025-12-26,2025-12-27,2025-12-27,V3_5_2_1_6,Done,2025-12-27
4a3a1905-e239-11f0-b810-6e40e3e6024a,2025-12-26,2025-12-27,2025-12-27,V3_5_1_1_4,Done,2025-12-27
4c7ed94c-e239-11f0-b810-6e40e3e6024a,2025-12-26,2025-12-27,2025-12-27,V3_5_1_1_7,Done,2025-12-27
50e0e27d-e2f7-11f0-b24f-5e140ac69200,2025-12-27,2025-12-27,2025-12-27,V3_5_1_2_10,Done,2025-12-27
51562465-e2f5-11f0-b91f-f260ad480fb9,2025-12-27,,2025-12-27,V3_5_3_10_1,Done,2025-12-27
567ff0aa-e2f7-11f0-b810-6e40e3e6024a,2025-12-27,2025-12-27,2025-12-27,V3_5_1_2_2,Done,2025-12-27
57f51a6a-e22a-11f0-bf7b-965e190dd3fa,2025-12-26,2025-12-27,2025-12-27,V3_5_2_4_1,Done,2025-12-27
586c6de7-e22a-11f0-bf7b-965e190dd3fa,2025-12-26,2025-12-27,2025-12-27,V3_5_2_3_4,Done,2025-12-27
58cc6798-e22a-11f0-bf7b-965e190dd3fa,2025-12-26,2025-12-27,2025-12-27,V3_5_2_7_4,Done,2025-12-27
5aef0af0-e2f7-11f0-bf7b-965e190dd3fa,2025-12-27,2025-12-27,2025-12-27,V3_5_1_2_2,Done,2025-12-27
5c7f3941-e239-11f0-b810-6e40e3e6024a,2025-12-26,2025-12-27,2025-12-27,V3_5_1_1_2,Done,2025-12-27
5c9ef567-e239-11f0-b810-6e40e3e6024a,2025-12-26,2025-12-26,2025-12-27,V3_5_1_1_3,Done,2025-12-27
5ce637ef-e239-11f0-b810-6e40e3e6024a,2025-12-26,2025-12-27,2025-12-27,V3_5_1_1_10,Done,2025-12-27
5d04e320-e239-11f0-b810-6e40e3e6024a,2025-12-26,2025-12-27,2025-12-27,V3_5_1_1_9,Done,2025-12-27
5d25b1e9-e239-11f0-b810-6e40e3e6024a,2025-12-26,2025-12-27,2025-12-27,V3_5_1_1_8,Done,2025-12-27
5d44d2ef-e239-11f0-b810-6e40e3e6024a,2025-12-26,2025-12-27,2025-12-27,V3_5_1_1_5,Done,2025-12-27
5d663ded-e239-11f0-b810-6e40e3e6024a,2025-12-26,2025-12-27,2025-12-27,V3_5_1_1_4,Done,2025-12-27
5daedf66-e239-11f0-b810-6e40e3e6024a,2025-12-26,2025-12-27,2025-12-27,V3_5_2_1_13,Done,2025-12-27
5dd9e743-e239-11f0-b810-6e40e3e6024a,2025-12-26,2025-12-27,2025-12-27,V3_5_2_1_12,Done,2025-12-27
5dfa66dc-e239-11f0-b810-6e40e3e6024a,2025-12-26,2025-12-27,2025-12-27,V3_5_2_1_11,Done,2025-12-27
5e564304-e239-11f0-b810-6e40e3e6024a,2025-12-26,2025-12-27,2025-12-27,V3_5_2_1_8,Done,2025-12-27
5e789836-e239-11f0-b810-6e40e3e6024a,2025-12-26,2025-12-27,2025-12-27,V3_5_2_1_7,Done,2025-12-27
5e982d53-e239-11f0-b810-6e40e3e6024a,2025-12-26,2025-12-27,2025-12-27,V3_5_2_1_6,Done,2025-12-27
5eee6432-e239-11f0-b810-6e40e3e6024a,2025-12-26,2025-12-27,2025-12-27,V3_5_2_1_5,Done,2025-12-27
5f357ee0-e239-11f0-b810-6e40e3e6024a,2025-12-26,2025-12-27,2025-12-27,V3_5_2_1_4,Done,2025-12-27
5f57d418-e239-11f0-b810-6e40e3e6024a,2025-12-26,2025-12-27,2025-12-27,V3_5_2_1_3,Done,2025-12-27
5f7a77a3-e239-11f0-b810-6e40e3e6024a,2025-12-26,2025-12-27,2025-12-27,V3_5_2_1_2,Done,2025-12-27
5fbc13ff-e239-11f0-b810-6e40e3e6024a,2025-12-26,2025-12-27,2025-12-27,V3_5_1_1_7,Done,2025-12-27
66351069-e2ca-11f0-bf7b-965e190dd3fa,2025-12-27,2025-12-27,2025-12-27,V3_5_2_7_5,Done,2025-12-27
6e800ad0-e2f7-11f0-b91f-f260ad480fb9,2025-12-27,2025-12-27,2025-12-27,V3_5_1_2_10,Done,2025-12-27
71250315-e2be-11f0-b24f-5e140ac69200,2025-12-27,2025-12-27,2025-12-27,V3_5_1_2_7,Done,2025-12-27
767fdc88-e2be-11f0-bf7b-965e190dd3fa,2025-12-27,2025-12-27,2025-12-27,V3_5_1_2_3,Done,2025-12-27
796de5b5-e2c7-11f0-833b-1a66a98ce176,2025-12-27,2025-12-27,2025-12-27,V3_5_2_4_1,Done,2025-12-27
797b41ac-e2c9-11f0-b810-6e40e3e6024a,2025-12-27,2025-12-27,2025-12-27,V3_5_2_4_2,Done,2025-12-27
79cca822-e2c7-11f0-833b-1a66a98ce176,2025-12-27,2025-12-27,2025-12-27,V3_5_2_3_4,Done,2025-12-27
7a0f2ec3-e2c7-11f0-833b-1a66a98ce176,2025-12-27,2025-12-27,2025-12-27,V3_5_2_7_4,Done,2025-12-27
7b50effc-e22e-11f0-833b-1a66a98ce176,2025-12-26,2025-12-26,2025-12-27,V3_5_3_2_1,Done,2025-12-27
7b7cba81-e22e-11f0-833b-1a66a98ce176,2025-12-26,2025-12-27,2025-12-27,V3_5_3_8_1,Done,2025-12-27
878d483f-e241-11f0-b810-6e40e3e6024a,2025-12-26,,2025-12-27,V3_5_3_9_1,Done,2025-12-27
8ec1797d-e323-11f0-bf7b-965e190dd3fa,2025-12-27,,2025-12-27,V3_5_3_9_1,Done,2025-12-27
91739e25-e2fa-11f0-833b-1a66a98ce176,2025-12-27,,2025-12-27,V3_5_1_8_1,Done,2025-12-27
9a3f608a-e30d-11f0-b24f-5e140ac69200,2025-12-27,,2025-12-27,V3_5_3_9_1,Done,2025-12-27
9be39694-e2ca-11f0-b91f-f260ad480fb9,2025-12-27,2025-12-27,2025-12-27,V3_5_2_7_5,Done,2025-12-27
9eba642a-e2c7-11f0-bf7b-965e190dd3fa,2025-12-27,2025-12-27,2025-12-27,V3_5_2_4_1,Done,2025-12-27
9f1e2eaf-e2c7-11f0-bf7b-965e190dd3fa,2025-12-27,2025-12-27,2025-12-27,V3_5_2_3_4,Done,2025-12-27
9f5d33e5-e2c7-11f0-bf7b-965e190dd3fa,2025-12-27,2025-12-27,2025-12-27,V3_5_2_7_4,Done,2025-12-27
a0c6ce3a-e2ca-11f0-b91f-f260ad480fb9,2025-12-27,2025-12-27,2025-12-27,V3_5_2_7_5,Done,2025-12-27
abea0e52-e2bb-11f0-b24f-5e140ac69200,2025-12-27,2025-12-27,2025-12-27,V3_5_1_2_6,Done,2025-12-27
b1b0e78d-e2c9-11f0-b91f-f260ad480fb9,2025-12-27,2025-12-27,2025-12-27,V3_5_2_4_2,Done,2025-12-27
b11d62bd-e2bb-11f0-b91f-f260ad480fb9,2025-12-27,2025-12-27,2025-12-27,V3_5_1_2_4,Done,2025-12-27
b74d1042-e2c9-11f0-b91f-f260ad480fb9,2025-12-27,2025-12-27,2025-12-27,V3_5_2_4_2,Done,2025-12-27
b91b7bb5-e2d6-11f0-b91f-f260ad480fb9,2025-12-27,,2025-12-27,V3_5_3_5_1,Done,2025-12-27
c0680784-e2bb-11f0-bf7b-965e190dd3fa,2025-12-27,2025-12-27,2025-12-27,V3_5_1_2_4,Done,2025-12-27
c246fc02-e2c2-11f0-b810-6e40e3e6024a,2025-12-27,,2025-12-27,V3_5_3_9_1,Done,2025-12-27
c51b7c80-e2bb-11f0-b24f-5e140ac69200,2025-12-27,2025-12-27,2025-12-27,V3_5_1_2_6,Done,2025-12-27
cb71dc51-e2ff-11f0-833b-1a66a98ce176,2025-12-27,,2025-12-27,V3_5_3_5_1,Done,2025-12-27
ca460b78-e2c8-11f0-b24f-5e140ac69200,2025-12-27,2025-12-27,2025-12-27,V3_5_2_3_5,Done,2025-12-27
d76370a7-e2bd-11f0-b810-6e40e3e6024a,2025-12-27,2025-12-27,2025-12-27,V3_5_1_2_7,Done,2025-12-27
dc2677ca-e2bd-11f0-833b-1a66a98ce176,2025-12-27,2025-12-27,2025-12-27,V3_5_1_2_3,Done,2025-12-27
de0d10f1-e2c8-11f0-bf7b-965e190dd3fa,2025-12-27,2025-12-27,2025-12-27,V3_5_2_3_5,Done,2025-12-27
e2668b41-e180-11f0-b810-6e40e3e6024a,2025-12-25,2025-12-26,2025-12-27,V3_5_2_1_11,Done,2025-12-27
e345534c-e180-11f0-b810-6e40e3e6024a,2025-12-25,2025-12-26,2025-12-27,V3_5_2_1_5,Done,2025-12-27
e2df6527-e180-11f0-b810-6e40e3e6024a,2025-12-25,2025-12-26,2025-12-27,V3_5_2_1_8,Done,2025-12-27
e8fd0692-e29b-11f0-bf7b-965e190dd3fa,2025-12-27,,2025-12-27,V3_5_3_9_1,Done,2025-12-27
ed97e71d-e2d2-11f0-b810-6e40e3e6024a,2025-12-27,,2025-12-27,V3_5_3_9_1,Done,2025-12-27
f5973afb-e2f1-11f0-b24f-5e140ac69200,2025-12-27,2025-12-27,2025-12-27,V3_5_3_4_1,Done,2025-12-27
fba8b76a-e2c8-11f0-b810-6e40e3e6024a,2025-12-27,2025-12-27,2025-12-27,V3_5_2_3_5,Done,2025-12-27
9e78c6fe-e2c7-11f0-bf7b-965e190dd3fa,2025-12-27,2025-12-27,,V3_5_2_6_1,Other,2025-12-27
283b768f-e35b-11f0-bf7b-965e190dd3fa,2025-12-28,,2025-12-28,V3_5_3_5_1,Done,2025-12-28
77958634-e34d-11f0-833b-1a66a98ce176,2025-12-28,,2025-12-28,V3_5_3_5_1,Done,2025-12-28
93e564b2-e348-11f0-833b-1a66a98ce176,2025-12-28,,2025-12-28,V3_5_3_9_1,Done,2025-12-28
99b759d5-e334-11f0-b810-6e40e3e6024a,2025-12-27,,2025-12-28,V3_5_3_9_1,Done,2025-12-28
9cca0590-e366-11f0-b91f-f260ad480fb9,2025-12-28,,2025-12-28,V3_5_3_9_1,Done,2025-12-28
aa2b4ed3-e357-11f0-bf7b-965e190dd3fa,2025-12-28,,2025-12-28,V3_5_3_5_1,Done,2025-12-28
b584583a-e355-11f0-bf7b-965e190dd3fa,2025-12-28,,2025-12-28,V3_5_3_9_1,Done,2025-12-28
fcbbb851-e368-11f0-833b-1a66a98ce176,2025-12-28,,2025-12-28,V3_5_3_10_1,Done,2025-12-28
4b18b8fc-e239-11f0-b810-6e40e3e6024a,2025-12-26,2025-12-29,2026-01-05,V3_5_2_1_10,Doing,2025-12-29
4a5f7b9a-e239-11f0-b810-6e40e3e6024a,2025-12-26,2025-12-29,2026-01-05,V3_5_2_1_1,Doing,2025-12-29
5168fb02-e47b-11f0-b810-6e40e3e6024a,2025-12-29,2025-12-29,2026-01-06,V3_5_1_10_6,Doing,2025-12-29
78f3d3f9-e2c7-11f0-833b-1a66a98ce176,2025-12-27,2025-12-29,2026-01-05,V3_5_2_2_1,Doing,2025-12-29
79ed4fab-e2c7-11f0-833b-1a66a98ce176,2025-12-27,2025-12-29,2026-01-05,V3_5_2_7_1,Doing,2025-12-29
9a1764b9-e47b-11f0-b91f-f260ad480fb9,2025-12-29,2025-12-29,2026-01-06,V3_5_1_7_4,Doing,2025-12-29
9edb32d8-e2c7-11f0-bf7b-965e190dd3fa,2025-12-27,2025-12-29,2026-01-05,V3_5_2_4_4,Doing,2025-12-29
affbc326-e489-11f0-b24f-5e140ac69200,2025-12-29,2025-12-29,2026-01-06,V3_5_3_2_1,Doing,2025-12-29
d2b9ea94-e488-11f0-b91f-f260ad480fb9,2025-12-29,2025-12-29,2026-01-05,V3_5_2_8_3,Doing,2025-12-29
d297e366-e488-11f0-b91f-f260ad480fb9,2025-12-29,2025-12-29,2026-01-06,V3_5_2_8_1,Doing,2025-12-29
03b686ef-e22b-11f0-b24f-5e140ac69200,2025-12-26,2025-12-26,2025-12-29,V3_5_2_8_3,Done,2025-12-29
04a58882-e471-11f0-bf7b-965e190dd3fa,2025-12-29,,2025-12-29,V3_5_3_5_1,Done,2025-12-29
107448a5-e478-11f0-bf7b-965e190dd3fa,2025-12-29,2025-12-29,2025-12-29,V3_5_3_11_1,Done,2025-12-29
1d10e080-e3bb-11f0-b24f-5e140ac69200,2025-12-28,2025-12-29,2025-12-29,V3_5_3_4_1,Done,2025-12-29
241f11ac-e375-11f0-b91f-f260ad480fb9,2025-12-28,,2025-12-29,V3_5_3_9_1,Done,2025-12-29
270b5d0c-e237-11f0-b24f-5e140ac69200,2025-12-26,2025-12-29,2025-12-29,V3_5_2_6_2,Done,2025-12-29
28d0b3b1-e45e-11f0-bf7b-965e190dd3fa,2025-12-29,,2025-12-29,V3_5_3_5_1,Done,2025-12-29
28d128ab-e45e-11f0-b91f-f260ad480fb9,2025-12-29,,2025-12-29,V3_5_3_5_1,Done,2025-12-29
28d19db7-e45e-11f0-833b-1a66a98ce176,2025-12-29,,2025-12-29,V3_5_3_5_1,Done,2025-12-29
2bd9e21e-e488-11f0-b91f-f260ad480fb9,2025-12-29,2025-12-29,2025-12-29,V3_5_2_3_2,Done,2025-12-29
318782da-e47b-11f0-833b-1a66a98ce176,2025-12-29,2025-12-29,2025-12-29,V3_5_1_2_1,Done,2025-12-29
38cefb0e-e484-11f0-b24f-5e140ac69200,2025-12-29,2025-12-29,2025-12-29,V3_5_3_4_1,Done,2025-12-29
3d53266a-e488-11f0-b24f-5e140ac69200,2025-12-29,2025-12-29,2025-12-29,V3_5_2_4_5,Done,2025-12-29
42fc6b31-e484-11f0-833b-1a66a98ce176,2025-12-29,2025-12-29,2025-12-29,V3_5_3_4_1,Done,2025-12-29
481dc8c7-e239-11f0-b810-6e40e3e6024a,2025-12-26,2025-12-29,2025-12-29,V3_5_1_1_1,Done,2025-12-29
4b476a82-e239-11f0-b810-6e40e3e6024a,2025-12-26,2025-12-29,2025-12-29,V3_5_2_1_9,Done,2025-12-29
4c5de38a-e239-11f0-b810-6e40e3e6024a,2025-12-26,2025-12-29,2025-12-29,V3_5_1_1_6,Done,2025-12-29
513bd05d-e47b-11f0-b810-6e40e3e6024a,2025-12-29,2025-12-29,2025-12-29,V3_5_1_10_5,Done,2025-12-29
51a40761-e47b-11f0-b810-6e40e3e6024a,2025-12-29,,2025-12-29,V3_5_1_10_2,Done,2025-12-29
521eb5ec-e47b-11f0-b810-6e40e3e6024a,2025-12-29,,2025-12-29,V3_5_1_10_7,Done,2025-12-29
59805c85-e47b-11f0-833b-1a66a98ce176,2025-12-29,2025-12-29,2025-12-29,V3_5_1_6_1,Done,2025-12-29
5d362589-e488-11f0-b91f-f260ad480fb9,2025-12-29,2025-12-29,2025-12-29,V3_5_2_3_2,Done,2025-12-29
6658c02b-e459-11f0-b810-6e40e3e6024a,2025-12-29,2025-12-29,2025-12-29,V3_5_1_10_1,Done,2025-12-29
6be51915-e478-11f0-b810-6e40e3e6024a,2025-12-29,,2025-12-29,V3_5_3_9_1,Done,2025-12-29
6e0ae95b-e484-11f0-b810-6e40e3e6024a,2025-12-29,2025-12-29,2025-12-29,V3_5_3_4_1,Done,2025-12-29
74d43f9e-e487-11f0-b810-6e40e3e6024a,2025-12-29,2025-12-29,2025-12-29,V3_5_1_7_3,Done,2025-12-29
75f494ef-e45d-11f0-b91f-f260ad480fb9,2025-12-29,,2025-12-29,V3_5_3_5_1,Done,2025-12-29
75f55846-e45d-11f0-b91f-f260ad480fb9,2025-12-29,,2025-12-29,V3_5_3_5_1,Done,2025-12-29
75f90248-e45d-11f0-bf7b-965e190dd3fa,2025-12-29,,2025-12-29,V3_5_3_5_1,Done,2025-12-29
75fea7c9-e45d-11f0-833b-1a66a98ce176,2025-12-29,,2025-12-29,V3_5_3_5_1,Done,2025-12-29
78cf3213-e495-11f0-b91f-f260ad480fb9,2025-12-29,,2025-12-29,V3_5_3_9_1,Done,2025-12-29
792dcff2-e2c7-11f0-833b-1a66a98ce176,2025-12-27,2025-12-29,2025-12-29,V3_5_2_5_1,Done,2025-12-29
7949e3a9-e2c7-11f0-833b-1a66a98ce176,2025-12-27,2025-12-27,2025-12-29,V3_5_2_6_1,Done,2025-12-29
798f77b3-e2c7-11f0-833b-1a66a98ce176,2025-12-27,2025-12-29,2025-12-29,V3_5_2_4_4,Done,2025-12-29
79ad6018-e2c7-11f0-833b-1a66a98ce176,2025-12-27,2025-12-29,2025-12-29,V3_5_2_3_1,Done,2025-12-29
85a2d34a-e4a6-11f0-833b-1a66a98ce176,2025-12-29,,2025-12-29,V3_5_3_9_1,Done,2025-12-29
899ae0f1-e484-11f0-b24f-5e140ac69200,2025-12-29,2025-12-29,2025-12-29,V3_5_3_4_1,Done,2025-12-29
89b1f6e2-e49f-11f0-b24f-5e140ac69200,2025-12-29,,2025-12-29,V3_5_3_5_1,Done,2025-12-29
8efb4e75-e323-11f0-bf7b-965e190dd3fa,2025-12-27,2025-12-29,2025-12-29,V3_5_3_2_3,Done,2025-12-29
9994e9fd-e45d-11f0-b24f-5e140ac69200,2025-12-29,,2025-12-29,V3_5_3_5_1,Done,2025-12-29
9995ad13-e45d-11f0-833b-1a66a98ce176,2025-12-29,,2025-12-29,V3_5_3_5_1,Done,2025-12-29
99b3209f-e45d-11f0-b810-6e40e3e6024a,2025-12-29,,2025-12-29,V3_5_3_5_1,Done,2025-12-29
99bd0bb7-e45d-11f0-b810-6e40e3e6024a,2025-12-29,,2025-12-29,V3_5_3_5_1,Done,2025-12-29
99f7324f-e47b-11f0-b91f-f260ad480fb9,2025-12-29,2025-12-29,2025-12-29,V3_5_1_7_1,Done,2025-12-29
9efc9dad-e2c7-11f0-bf7b-965e190dd3fa,2025-12-27,2025-12-29,2025-12-29,V3_5_2_3_1,Done,2025-12-29
aa0b87db-e489-11f0-833b-1a66a98ce176,2025-12-29,2025-12-29,2025-12-29,V3_5_3_8_1,Done,2025-12-29
aa2e78a7-e489-11f0-833b-1a66a98ce176,2025-12-29,2025-12-29,2025-12-29,V3_5_3_7_1,Done,2025-12-29
aa4b28d9-e489-11f0-833b-1a66a98ce176,2025-12-29,2025-12-29,2025-12-29,V3_5_2_9_1,Done,2025-12-29
adc87068-e47b-11f0-b810-6e40e3e6024a,2025-12-29,2025-12-29,2025-12-29,V3_5_2_5_2,Done,2025-12-29
affa80a1-e458-11f0-b810-6e40e3e6024a,2025-12-29,,2025-12-29,V3_5_3_9_1,Done,2025-12-29
b04c53f9-e489-11f0-b24f-5e140ac69200,2025-12-29,2025-12-29,2025-12-29,V3_5_3_7_1,Done,2025-12-29
b0769883-e489-11f0-b24f-5e140ac69200,2025-12-29,2025-12-29,2025-12-29,V3_5_2_9_1,Done,2025-12-29
b02c6fab-e489-11f0-b24f-5e140ac69200,2025-12-29,2025-12-29,2025-12-29,V3_5_3_8_1,Done,2025-12-29
bd5215e4-e45d-11f0-b24f-5e140ac69200,2025-12-29,,2025-12-29,V3_5_3_5_1,Done,2025-12-29
bd5941c0-e45d-11f0-bf7b-965e190dd3fa,2025-12-29,,2025-12-29,V3_5_3_5_1,Done,2025-12-29
bd5968ef-e45d-11f0-b24f-5e140ac69200,2025-12-29,,2025-12-29,V3_5_3_5_1,Done,2025-12-29
bd609431-e45d-11f0-b810-6e40e3e6024a,2025-12-29,,2025-12-29,V3_5_3_5_1,Done,2025-12-29
c296a280-e46f-11f0-b24f-5e140ac69200,2025-12-29,,2025-12-29,V3_5_3_9_1,Done,2025-12-29
cc17a019-e467-11f0-b810-6e40e3e6024a,2025-12-29,,2025-12-29,V3_5_3_5_1,Done,2025-12-29
d9a01f56-e458-11f0-bf7b-965e190dd3fa,2025-12-29,,2025-12-29,V3_5_3_5_1,Done,2025-12-29
e115a9aa-e45d-11f0-b810-6e40e3e6024a,2025-12-29,,2025-12-29,V3_5_3_5_1,Done,2025-12-29
e136787c-e45d-11f0-b24f-5e140ac69200,2025-12-29,,2025-12-29,V3_5_3_5_1,Done,2025-12-29
e137d7f1-e45d-11f0-833b-1a66a98ce176,2025-12-29,,2025-12-29,V3_5_3_5_1,Done,2025-12-29
e4bed897-e3ba-11f0-b810-6e40e3e6024a,2025-12-28,2025-12-29,2025-12-29,V3_5_3_4_1,Done,2025-12-29
ed64239a-e310-11f0-b24f-5e140ac69200,2025-12-27,2025-12-27,2025-12-29,V3_5_1_2_5,Done,2025-12-29
5c5fa319-e239-11f0-b810-6e40e3e6024a,2025-12-26,2025-12-29,,V3_5_1_1_1,Other,2025-12-29
5d89cac3-e239-11f0-b810-6e40e3e6024a,2025-12-26,2025-12-29,,V3_5_2_1_1,Other,2025-12-29
5e1ae754-e239-11f0-b810-6e40e3e6024a,2025-12-26,2025-12-29,,V3_5_2_1_10,Other,2025-12-29
5e385a83-e239-11f0-b810-6e40e3e6024a,2025-12-26,2025-12-29,,V3_5_2_1_9,Other,2025-12-29
5f9bbb8c-e239-11f0-b810-6e40e3e6024a,2025-12-26,2025-12-29,,V3_5_1_1_6,Other,2025-12-29
9e3ea4be-e2c7-11f0-bf7b-965e190dd3fa,2025-12-27,2025-12-29,,V3_5_2_2_1,Other,2025-12-29
9e5c6627-e2c7-11f0-bf7b-965e190dd3fa,2025-12-27,2025-12-29,,V3_5_2_5_1,Other,2025-12-29
9f3fe7ad-e2c7-11f0-bf7b-965e190dd3fa,2025-12-27,2025-12-29,,V3_5_2_7_1,Other,2025-12-29
ce3a077a-e488-11f0-833b-1a66a98ce176,2025-12-29,2025-12-29,,V3_5_2_8_1,Other,2025-12-29
ce5de368-e488-11f0-833b-1a66a98ce176,2025-12-29,2025-12-29,,V3_5_2_8_3,Other,2025-12-29
61a69e17-e4dd-11f0-b91f-f260ad480fb9,2025-12-30,2025-12-30,2026-01-05,V3_5_2_6_3,Doing,2025-12-30
66f828e5-e4dd-11f0-b24f-5e140ac69200,2025-12-30,2025-12-30,2026-01-05,V3_5_2_6_3,Doing,2025-12-30
88dcb572-e48e-11f0-bf7b-965e190dd3fa,2025-12-29,2025-12-30,2026-01-05,V3_5_2_6_3,Doing,2025-12-30
aee5de8b-e52b-11f0-833b-1a66a98ce176,2025-12-30,2025-12-30,2026-01-05,V3_5_1_1_2,Doing,2025-12-30
b06ca53a-e52b-11f0-833b-1a66a98ce176,2025-12-30,2025-12-30,2026-01-05,V3_5_2_1_12,Doing,2025-12-30
aff1d055-e52b-11f0-833b-1a66a98ce176,2025-12-30,2025-12-30,2026-01-05,V3_5_1_1_4,Doing,2025-12-30
b158b3ba-e52b-11f0-833b-1a66a98ce176,2025-12-30,2025-12-30,2026-01-05,V3_5_2_1_6,Doing,2025-12-30
b1de0fbe-e52b-11f0-833b-1a66a98ce176,2025-12-30,2025-12-30,2026-01-05,V3_5_2_1_3,Doing,2025-12-30
b2051fde-e52b-11f0-833b-1a66a98ce176,2025-12-30,2025-12-30,2026-01-05,V3_5_2_1_2,Doing,2025-12-30
b28af1f1-e52b-11f0-833b-1a66a98ce176,2025-12-30,2025-12-30,2026-01-05,V3_5_1_1_7,Doing,2025-12-30
b6b847b2-e52b-11f0-bf7b-965e190dd3fa,2025-12-30,2025-12-30,2026-01-05,V3_5_1_1_2,Doing,2025-12-30
b861b228-e52b-11f0-bf7b-965e190dd3fa,2025-12-30,2025-12-30,2026-01-05,V3_5_1_1_4,Doing,2025-12-30
b90d823e-e52b-11f0-bf7b-965e190dd3fa,2025-12-30,2025-12-30,2026-01-05,V3_5_2_1_12,Doing,2025-12-30
ba2de62e-e52b-11f0-bf7b-965e190dd3fa,2025-12-30,2025-12-30,2026-01-05,V3_5_2_1_6,Doing,2025-12-30
ba99a0b2-e52b-11f0-bf7b-965e190dd3fa,2025-12-30,2025-12-30,2026-01-05,V3_5_2_1_3,Doing,2025-12-30
babfc672-e52b-11f0-bf7b-965e190dd3fa,2025-12-30,2025-12-30,2026-01-05,V3_5_2_1_2,Doing,2025-12-30
bb064595-e52b-11f0-bf7b-965e190dd3fa,2025-12-30,2025-12-30,2026-01-05,V3_5_1_1_7,Doing,2025-12-30
b0b1ebe7-e52b-11f0-833b-1a66a98ce176,2025-12-30,2025-12-30,2026-01-07,V3_5_2_1_10,Doing,2025-12-30
be9d006a-e52b-11f0-b24f-5e140ac69200,2025-12-30,2025-12-30,2026-01-05,V3_5_1_1_2,Doing,2025-12-30
bfddbe29-e52b-11f0-b24f-5e140ac69200,2025-12-30,2025-12-30,2026-01-05,V3_5_1_1_4,Doing,2025-12-30
c04fe0d4-e52b-11f0-b24f-5e140ac69200,2025-12-30,2025-12-30,2026-01-05,V3_5_2_1_12,Doing,2025-12-30
c122c12d-e52b-11f0-b24f-5e140ac69200,2025-12-30,2025-12-30,2026-01-05,V3_5_2_1_6,Doing,2025-12-30
c196b811-e52b-11f0-b24f-5e140ac69200,2025-12-30,2025-12-30,2026-01-05,V3_5_2_1_3,Doing,2025-12-30
c1b9d091-e52b-11f0-b24f-5e140ac69200,2025-12-30,2025-12-30,2026-01-05,V3_5_2_1_2,Doing,2025-12-30
c2050aa4-e52b-11f0-b24f-5e140ac69200,2025-12-30,2025-12-30,2026-01-05,V3_5_1_1_7,Doing,2025-12-30
c77e1a6f-e52b-11f0-bf7b-965e190dd3fa,2025-12-30,2025-12-30,2026-01-05,V3_5_1_1_2,Doing,2025-12-30
c8b4c5c0-e52b-11f0-bf7b-965e190dd3fa,2025-12-30,2025-12-30,2026-01-05,V3_5_1_1_4,Doing,2025-12-30
ca315405-e52b-11f0-bf7b-965e190dd3fa,2025-12-30,2025-12-30,2026-01-05,V3_5_2_1_6,Doing,2025-12-30
c93518e5-e52b-11f0-bf7b-965e190dd3fa,2025-12-30,2025-12-30,2026-01-05,V3_5_2_1_12,Doing,2025-12-30
caaf35f9-e52b-11f0-bf7b-965e190dd3fa,2025-12-30,2025-12-30,2026-01-05,V3_5_2_1_3,Doing,2025-12-30
cad35fe9-e52b-11f0-bf7b-965e190dd3fa,2025-12-30,2025-12-30,2026-01-05,V3_5_2_1_2,Doing,2025-12-30
cb1f8467-e52b-11f0-bf7b-965e190dd3fa,2025-12-30,2025-12-30,2026-01-05,V3_5_1_1_7,Doing,2025-12-30
cdce562d-e53e-11f0-bf7b-965e190dd3fa,2025-12-30,2025-12-30,2026-01-05,V3_5_4_1_3,Doing,2025-12-30
d573412f-e52b-11f0-b810-6e40e3e6024a,2025-12-30,2025-12-30,2026-01-05,V3_5_1_1_2,Doing,2025-12-30
d67547e9-e52b-11f0-b810-6e40e3e6024a,2025-12-30,2025-12-30,2026-01-05,V3_5_1_1_4,Doing,2025-12-30
d703088e-e52b-11f0-b810-6e40e3e6024a,2025-12-30,2025-12-30,2026-01-05,V3_5_2_1_12,Doing,2025-12-30
d7f335be-e52b-11f0-b810-6e40e3e6024a,2025-12-30,2025-12-30,2026-01-05,V3_5_2_1_6,Doing,2025-12-30
d86be792-e52b-11f0-b810-6e40e3e6024a,2025-12-30,2025-12-30,2026-01-05,V3_5_2_1_3,Doing,2025-12-30
d8989d02-e52b-11f0-b810-6e40e3e6024a,2025-12-30,2025-12-30,2026-01-05,V3_5_2_1_2,Doing,2025-12-30
d8e50f95-e52b-11f0-b810-6e40e3e6024a,2025-12-30,2025-12-30,2026-01-05,V3_5_1_1_7,Doing,2025-12-30
033aab45-e531-11f0-833b-1a66a98ce176,2025-12-30,,2025-12-30,V3_5_1_8_4,Done,2025-12-30
16f0d0be-e55f-11f0-bf7b-965e190dd3fa,2025-12-30,2025-12-30,2025-12-30,V3_5_1_2_8,Done,2025-12-30
1a4b5cf0-e531-11f0-b91f-f260ad480fb9,2025-12-30,,2025-12-30,V3_5_3_5_1,Done,2025-12-30
1a4d583e-e531-11f0-833b-1a66a98ce176,2025-12-30,,2025-12-30,V3_5_3_5_1,Done,2025-12-30
1a4e42c6-e531-11f0-b810-6e40e3e6024a,2025-12-30,,2025-12-30,V3_5_3_5_1,Done,2025-12-30
1a4ff0d7-e531-11f0-b91f-f260ad480fb9,2025-12-30,,2025-12-30,V3_5_3_5_1,Done,2025-12-30
1c999901-def4-11f0-9fad-82af1fe3534c,2025-12-22,2025-12-23,2025-12-30,V3_5_2_6_1,Done,2025-12-30
21b32389-def4-11f0-86aa-4ed4e1f8f5a1,2025-12-22,2025-12-23,2025-12-30,V3_5_2_6_1,Done,2025-12-30
2650b6d0-e530-11f0-b810-6e40e3e6024a,2025-12-30,2025-12-30,2025-12-30,V3_5_1_2_5,Done,2025-12-30
27c536c9-e522-11f0-b24f-5e140ac69200,2025-12-30,,2025-12-30,V3_5_3_5_1,Done,2025-12-30
2fcc3b9a-e530-11f0-833b-1a66a98ce176,2025-12-30,2025-12-30,2025-12-30,V3_5_1_2_5,Done,2025-12-30
30eb9595-e52d-11f0-b91f-f260ad480fb9,2025-12-30,,2025-12-30,V3_5_3_10_1,Done,2025-12-30
30eb95e2-e52d-11f0-b810-6e40e3e6024a,2025-12-30,,2025-12-30,V3_5_3_5_1,Done,2025-12-30
33e45c45-e530-11f0-bf7b-965e190dd3fa,2025-12-30,2025-12-30,2025-12-30,V3_5_1_2_5,Done,2025-12-30
361524ab-e513-11f0-bf7b-965e190dd3fa,2025-12-30,,2025-12-30,V3_5_3_5_1,Done,2025-12-30
38bc230c-e530-11f0-b810-6e40e3e6024a,2025-12-30,2025-12-30,2025-12-30,V3_5_1_2_5,Done,2025-12-30
3d01471b-e530-11f0-b91f-f260ad480fb9,2025-12-30,2025-12-30,2025-12-30,V3_5_1_2_5,Done,2025-12-30
3e177c2e-e531-11f0-b91f-f260ad480fb9,2025-12-30,,2025-12-30,V3_5_3_5_1,Done,2025-12-30
3e17a397-e531-11f0-b24f-5e140ac69200,2025-12-30,,2025-12-30,V3_5_3_5_1,Done,2025-12-30
3e19ed35-e531-11f0-b91f-f260ad480fb9,2025-12-30,,2025-12-30,V3_5_3_5_1,Done,2025-12-30
423063a8-e52a-11f0-bf7b-965e190dd3fa,2025-12-30,,2025-12-30,V3_5_3_5_1,Done,2025-12-30
453db33f-e549-11f0-bf7b-965e190dd3fa,2025-12-30,,2025-12-30,V3_5_3_5_1,Done,2025-12-30
47fdbb44-e55f-11f0-b810-6e40e3e6024a,2025-12-30,2025-12-30,2025-12-30,V3_5_1_2_8,Done,2025-12-30
495dea45-e239-11f0-b810-6e40e3e6024a,2025-12-26,2025-12-30,2025-12-30,V3_5_1_1_11,Done,2025-12-30
50e5ecd4-e552-11f0-b24f-5e140ac69200,2025-12-30,2025-12-30,2025-12-30,V3_5_1_2_2,Done,2025-12-30
51988692-e4fb-11f0-bf7b-965e190dd3fa,2025-12-30,,2025-12-30,V3_5_3_9_1,Done,2025-12-30
51c4fb1c-e530-11f0-b810-6e40e3e6024a,2025-12-30,2025-12-30,2025-12-30,V3_5_1_2_7,Done,2025-12-30
5801b084-e552-11f0-b810-6e40e3e6024a,2025-12-30,2025-12-30,2025-12-30,V3_5_1_2_10,Done,2025-12-30
5991dbfa-e4da-11f0-b24f-5e140ac69200,2025-12-30,2025-12-30,2025-12-30,V3_5_3_9_1,Done,2025-12-30
5cc0d570-e239-11f0-b810-6e40e3e6024a,2025-12-26,2025-12-30,2025-12-30,V3_5_1_1_11,Done,2025-12-30
5cf82310-e552-11f0-b810-6e40e3e6024a,2025-12-30,2025-12-30,2025-12-30,V3_5_1_2_2,Done,2025-12-30
5d4cf2b2-e530-11f0-b810-6e40e3e6024a,2025-12-30,2025-12-30,2025-12-30,V3_5_1_2_7,Done,2025-12-30
617a47e0-e530-11f0-b810-6e40e3e6024a,2025-12-30,2025-12-30,2025-12-30,V3_5_1_2_7,Done,2025-12-30
6180df4a-e552-11f0-b91f-f260ad480fb9,2025-12-30,2025-12-30,2025-12-30,V3_5_1_2_10,Done,2025-12-30
6184e524-e4dd-11f0-b91f-f260ad480fb9,2025-12-30,2025-12-30,2025-12-30,V3_5_2_6_2,Done,2025-12-30
61cae3ae-e531-11f0-b91f-f260ad480fb9,2025-12-30,,2025-12-30,V3_5_3_5_1,Done,2025-12-30
61ccb875-e531-11f0-b91f-f260ad480fb9,2025-12-30,,2025-12-30,V3_5_3_5_1,Done,2025-12-30
61d1c18b-e531-11f0-b810-6e40e3e6024a,2025-12-30,,2025-12-30,V3_5_3_5_1,Done,2025-12-30
61d25d64-e531-11f0-b24f-5e140ac69200,2025-12-30,,2025-12-30,V3_5_3_5_1,Done,2025-12-30
6552956c-e55f-11f0-b810-6e40e3e6024a,2025-12-30,2025-12-30,2025-12-30,V3_5_1_2_8,Done,2025-12-30
65852245-e530-11f0-b91f-f260ad480fb9,2025-12-30,2025-12-30,2025-12-30,V3_5_1_2_7,Done,2025-12-30
65bd09a9-e52a-11f0-bf7b-965e190dd3fa,2025-12-30,,2025-12-30,V3_5_3_9_1,Done,2025-12-30
66d49b32-e4dd-11f0-b24f-5e140ac69200,2025-12-30,2025-12-30,2025-12-30,V3_5_2_6_2,Done,2025-12-30
67c6dc2d-e552-11f0-b810-6e40e3e6024a,2025-12-30,2025-12-30,2025-12-30,V3_5_1_2_2,Done,2025-12-30
69a30e60-e206-11f0-bf7b-965e190dd3fa,2025-12-26,2025-12-26,2025-12-30,V3_5_1_2_9,Done,2025-12-30
6b22831b-e530-11f0-b810-6e40e3e6024a,2025-12-30,2025-12-30,2025-12-30,V3_5_1_2_7,Done,2025-12-30
6dcc0257-e4e7-11f0-833b-1a66a98ce176,2025-12-30,2025-12-30,2025-12-30,V3_5_1_9_1,Done,2025-12-30
6de469d5-e552-11f0-b91f-f260ad480fb9,2025-12-30,2025-12-30,2025-12-30,V3_5_1_2_10,Done,2025-12-30
730b054e-e528-11f0-833b-1a66a98ce176,2025-12-30,,2025-12-30,V3_5_3_5_1,Done,2025-12-30
73787b44-e552-11f0-b91f-f260ad480fb9,2025-12-30,2025-12-30,2025-12-30,V3_5_1_2_2,Done,2025-12-30
77e74753-e552-11f0-b91f-f260ad480fb9,2025-12-30,2025-12-30,2025-12-30,V3_5_1_2_10,Done,2025-12-30
76e8cbcc-e514-11f0-bf7b-965e190dd3fa,2025-12-30,,2025-12-30,V3_5_3_5_1,Done,2025-12-30
76face1f-e514-11f0-833b-1a66a98ce176,2025-12-30,,2025-12-30,V3_5_3_5_1,Done,2025-12-30
7d2a056a-e552-11f0-833b-1a66a98ce176,2025-12-30,2025-12-30,2025-12-30,V3_5_1_2_10,Done,2025-12-30
7efd3714-e530-11f0-833b-1a66a98ce176,2025-12-30,2025-12-30,2025-12-30,V3_5_1_2_3,Done,2025-12-30
8131d1a4-e552-11f0-b24f-5e140ac69200,2025-12-30,2025-12-30,2025-12-30,V3_5_1_2_2,Done,2025-12-30
855e0349-e55f-11f0-833b-1a66a98ce176,2025-12-30,2025-12-30,2025-12-30,V3_5_1_2_8,Done,2025-12-30
8597edb3-e531-11f0-b91f-f260ad480fb9,2025-12-30,,2025-12-30,V3_5_3_5_1,Done,2025-12-30
859d931a-e531-11f0-b91f-f260ad480fb9,2025-12-30,,2025-12-30,V3_5_3_5_1,Done,2025-12-30
85a00421-e531-11f0-b810-6e40e3e6024a,2025-12-30,,2025-12-30,V3_5_3_5_1,Done,2025-12-30
85a35f89-e531-11f0-b810-6e40e3e6024a,2025-12-30,,2025-12-30,V3_5_3_5_1,Done,2025-12-30
88bbe6df-e48e-11f0-bf7b-965e190dd3fa,2025-12-29,2025-12-30,2025-12-30,V3_5_2_6_2,Done,2025-12-30
8977dc46-e530-11f0-833b-1a66a98ce176,2025-12-30,2025-12-30,2025-12-30,V3_5_1_2_3,Done,2025-12-30
8e5f81db-e530-11f0-833b-1a66a98ce176,2025-12-30,2025-12-30,2025-12-30,V3_5_1_2_3,Done,2025-12-30
9291451b-e530-11f0-b91f-f260ad480fb9,2025-12-30,2025-12-30,2025-12-30,V3_5_1_2_3,Done,2025-12-30
95546642-e53c-11f0-833b-1a66a98ce176,2025-12-30,,2025-12-30,V3_5_3_5_1,Done,2025-12-30
969dcbe4-e530-11f0-b91f-f260ad480fb9,2025-12-30,2025-12-30,2025-12-30,V3_5_1_2_3,Done,2025-12-30
96dda0eb-e51b-11f0-833b-1a66a98ce176,2025-12-30,,2025-12-30,V3_5_3_5_1,Done,2025-12-30
a2e16744-e55f-11f0-833b-1a66a98ce176,2025-12-30,2025-12-30,2025-12-30,V3_5_1_2_8,Done,2025-12-30
a33be725-e558-11f0-b24f-5e140ac69200,2025-12-30,,2025-12-30,V3_5_3_9_1,Done,2025-12-30
a95762ff-e531-11f0-b91f-f260ad480fb9,2025-12-30,,2025-12-30,V3_5_3_5_1,Done,2025-12-30
a957d834-e531-11f0-b91f-f260ad480fb9,2025-12-30,,2025-12-30,V3_5_3_5_1,Done,2025-12-30
a9582639-e531-11f0-833b-1a66a98ce176,2025-12-30,,2025-12-30,V3_5_3_5_1,Done,2025-12-30
a96545cc-e531-11f0-b91f-f260ad480fb9,2025-12-30,,2025-12-30,V3_5_3_5_1,Done,2025-12-30
a9dab2f8-e489-11f0-833b-1a66a98ce176,2025-12-29,2025-12-29,2025-12-30,V3_5_3_2_1,Done,2025-12-30
ab7e7af7-e2bb-11f0-b24f-5e140ac69200,2025-12-27,2025-12-30,2025-12-30,V3_5_1_2_9,Done,2025-12-30
ad5dd416-e52a-11f0-833b-1a66a98ce176,2025-12-30,,2025-12-30,V3_5_3_5_1,Done,2025-12-30
ad857982-e552-11f0-833b-1a66a98ce176,2025-12-30,,2025-12-30,V3_5_1_8_1,Done,2025-12-30
aebef563-e52b-11f0-833b-1a66a98ce176,2025-12-30,2025-12-30,2025-12-30,V3_5_1_1_1,Done,2025-12-30
af05d0c3-e530-11f0-b91f-f260ad480fb9,2025-12-30,,2025-12-30,V3_5_3_5_1,Done,2025-12-30
af061e70-e530-11f0-b810-6e40e3e6024a,2025-12-30,,2025-12-30,V3_5_3_5_1,Done,2025-12-30
af07cc4a-e530-11f0-833b-1a66a98ce176,2025-12-30,,2025-12-30,V3_5_3_5_1,Done,2025-12-30
af0e2731-e52b-11f0-833b-1a66a98ce176,2025-12-30,2025-12-30,2025-12-30,V3_5_1_1_3,Done,2025-12-30
af610279-e52b-11f0-833b-1a66a98ce176,2025-12-30,2025-12-30,2025-12-30,V3_5_1_1_10,Done,2025-12-30
afa81ce0-e52b-11f0-833b-1a66a98ce176,2025-12-30,2025-12-30,2025-12-30,V3_5_1_1_8,Done,2025-12-30
b08dc1ef-e52b-11f0-833b-1a66a98ce176,2025-12-30,2025-12-30,2025-12-30,V3_5_2_1_11,Done,2025-12-30
b0d4dd56-e52b-11f0-833b-1a66a98ce176,2025-12-30,2025-12-30,2025-12-30,V3_5_2_1_9,Done,2025-12-30
aff00e77-e543-11f0-833b-1a66a98ce176,2025-12-30,,2025-12-30,V3_5_3_5_1,Done,2025-12-30
b0f9a385-e52b-11f0-833b-1a66a98ce176,2025-12-30,2025-12-30,2025-12-30,V3_5_2_1_8,Done,2025-12-30
b0149ab6-e52b-11f0-833b-1a66a98ce176,2025-12-30,2025-12-30,2025-12-30,V3_5_2_1_1,Done,2025-12-30
b1248437-e52b-11f0-833b-1a66a98ce176,2025-12-30,2025-12-30,2025-12-30,V3_5_2_1_7,Done,2025-12-30
b18282fa-e52b-11f0-833b-1a66a98ce176,2025-12-30,2025-12-30,2025-12-30,V3_5_2_1_5,Done,2025-12-30
afcc46d2-e52b-11f0-833b-1a66a98ce176,2025-12-30,2025-12-30,2025-12-30,V3_5_1_1_5,Done,2025-12-30
b1ac784c-e52b-11f0-833b-1a66a98ce176,2025-12-30,2025-12-30,2025-12-30,V3_5_2_1_4,Done,2025-12-30
af81a8fd-e52b-11f0-833b-1a66a98ce176,2025-12-30,2025-12-30,2025-12-30,V3_5_1_1_9,Done,2025-12-30
b252cad2-e52b-11f0-833b-1a66a98ce176,2025-12-30,2025-12-30,2025-12-30,V3_5_1_1_6,Done,2025-12-30
b690e95a-e52b-11f0-bf7b-965e190dd3fa,2025-12-30,2025-12-30,2025-12-30,V3_5_1_1_1,Done,2025-12-30
b6dc98b8-e52b-11f0-bf7b-965e190dd3fa,2025-12-30,2025-12-30,2025-12-30,V3_5_1_1_3,Done,2025-12-30
b77a6511-e4e9-11f0-b24f-5e140ac69200,2025-12-30,,2025-12-30,V3_5_3_9_1,Done,2025-12-30
b785aa50-e52b-11f0-bf7b-965e190dd3fa,2025-12-30,2025-12-30,2025-12-30,V3_5_1_1_10,Done,2025-12-30
b7bcbf04-e52b-11f0-bf7b-965e190dd3fa,2025-12-30,2025-12-30,2025-12-30,V3_5_1_1_9,Done,2025-12-30
b80c17aa-e52b-11f0-bf7b-965e190dd3fa,2025-12-30,2025-12-30,2025-12-30,V3_5_1_1_8,Done,2025-12-30
b837469d-e52b-11f0-bf7b-965e190dd3fa,2025-12-30,2025-12-30,2025-12-30,V3_5_1_1_5,Done,2025-12-30
b88e67ac-e52b-11f0-bf7b-965e190dd3fa,2025-12-30,2025-12-30,2025-12-30,V3_5_2_1_1,Done,2025-12-30
b945d073-e52b-11f0-bf7b-965e190dd3fa,2025-12-30,2025-12-30,2025-12-30,V3_5_2_1_11,Done,2025-12-30
b9a2e4da-e52b-11f0-bf7b-965e190dd3fa,2025-12-30,2025-12-30,2025-12-30,V3_5_2_1_9,Done,2025-12-30
b9c5d649-e52b-11f0-bf7b-965e190dd3fa,2025-12-30,2025-12-30,2025-12-30,V3_5_2_1_8,Done,2025-12-30
b9ef305b-e52b-11f0-bf7b-965e190dd3fa,2025-12-30,2025-12-30,2025-12-30,V3_5_2_1_7,Done,2025-12-30
ba50feae-e52b-11f0-bf7b-965e190dd3fa,2025-12-30,2025-12-30,2025-12-30,V3_5_2_1_5,Done,2025-12-30
ba74b370-e52b-11f0-bf7b-965e190dd3fa,2025-12-30,2025-12-30,2025-12-30,V3_5_2_1_4,Done,2025-12-30
bae68876-e52b-11f0-bf7b-965e190dd3fa,2025-12-30,2025-12-30,2025-12-30,V3_5_1_1_6,Done,2025-12-30
be643cf2-e52b-11f0-b24f-5e140ac69200,2025-12-30,2025-12-30,2025-12-30,V3_5_1_1_1,Done,2025-12-30
bec2b100-e52b-11f0-b24f-5e140ac69200,2025-12-30,2025-12-30,2025-12-30,V3_5_1_1_3,Done,2025-12-30
bf345ee8-e52b-11f0-b24f-5e140ac69200,2025-12-30,2025-12-30,2025-12-30,V3_5_1_1_10,Done,2025-12-30
bf6de49c-e52b-11f0-b24f-5e140ac69200,2025-12-30,2025-12-30,2025-12-30,V3_5_1_1_9,Done,2025-12-30
bf92d1e7-e52b-11f0-b24f-5e140ac69200,2025-12-30,2025-12-30,2025-12-30,V3_5_1_1_8,Done,2025-12-30
bfbb1ab5-e52b-11f0-b24f-5e140ac69200,2025-12-30,2025-12-30,2025-12-30,V3_5_1_1_5,Done,2025-12-30
bfffec52-e52b-11f0-b24f-5e140ac69200,2025-12-30,2025-12-30,2025-12-30,V3_5_2_1_1,Done,2025-12-30
c0037909-e2bb-11f0-bf7b-965e190dd3fa,2025-12-27,2025-12-30,2025-12-30,V3_5_1_2_9,Done,2025-12-30
c073479d-e52b-11f0-b24f-5e140ac69200,2025-12-30,2025-12-30,2025-12-30,V3_5_2_1_11,Done,2025-12-30
c0b8b459-e52b-11f0-b24f-5e140ac69200,2025-12-30,2025-12-30,2025-12-30,V3_5_2_1_9,Done,2025-12-30
c0da9458-e52b-11f0-b24f-5e140ac69200,2025-12-30,2025-12-30,2025-12-30,V3_5_2_1_8,Done,2025-12-30
c0ff5a8a-e52b-11f0-b24f-5e140ac69200,2025-12-30,2025-12-30,2025-12-30,V3_5_2_1_7,Done,2025-12-30
c14675ed-e52b-11f0-b24f-5e140ac69200,2025-12-30,2025-12-30,2025-12-30,V3_5_2_1_5,Done,2025-12-30
c16ce9cf-e52b-11f0-b24f-5e140ac69200,2025-12-30,2025-12-30,2025-12-30,V3_5_2_1_4,Done,2025-12-30
c1e12ed5-e52b-11f0-b24f-5e140ac69200,2025-12-30,2025-12-30,2025-12-30,V3_5_1_1_6,Done,2025-12-30
c41f9a21-e513-11f0-bf7b-965e190dd3fa,2025-12-30,,2025-12-30,V3_5_3_5_1,Done,2025-12-30
c6a8add8-e56b-11f0-833b-1a66a98ce176,2025-12-30,,2025-12-30,V3_5_3_5_1,Done,2025-12-30
c75a8ca7-e52b-11f0-bf7b-965e190dd3fa,2025-12-30,2025-12-30,2025-12-30,V3_5_1_1_1,Done,2025-12-30
c7ac7d95-e52b-11f0-bf7b-965e190dd3fa,2025-12-30,2025-12-30,2025-12-30,V3_5_1_1_3,Done,2025-12-30
c8065dc4-e52b-11f0-bf7b-965e190dd3fa,2025-12-30,2025-12-30,2025-12-30,V3_5_1_1_10,Done,2025-12-30
c82f8fc8-e52b-11f0-bf7b-965e190dd3fa,2025-12-30,2025-12-30,2025-12-30,V3_5_1_1_9,Done,2025-12-30
c864347b-e52b-11f0-bf7b-965e190dd3fa,2025-12-30,2025-12-30,2025-12-30,V3_5_1_1_8,Done,2025-12-30
c88bb9cd-e52b-11f0-bf7b-965e190dd3fa,2025-12-30,2025-12-30,2025-12-30,V3_5_1_1_5,Done,2025-12-30
c9adf2d1-e52b-11f0-bf7b-965e190dd3fa,2025-12-30,2025-12-30,2025-12-30,V3_5_2_1_9,Done,2025-12-30
c9da5a20-e52b-11f0-bf7b-965e190dd3fa,2025-12-30,2025-12-30,2025-12-30,V3_5_2_1_8,Done,2025-12-30
ca08bd42-e52b-11f0-bf7b-965e190dd3fa,2025-12-30,2025-12-30,2025-12-30,V3_5_2_1_7,Done,2025-12-30
c96306da-e52b-11f0-bf7b-965e190dd3fa,2025-12-30,2025-12-30,2025-12-30,V3_5_2_1_11,Done,2025-12-30
ca535b15-e52b-11f0-bf7b-965e190dd3fa,2025-12-30,2025-12-30,2025-12-30,V3_5_2_1_5,Done,2025-12-30
ca893747-e52b-11f0-bf7b-965e190dd3fa,2025-12-30,2025-12-30,2025-12-30,V3_5_2_1_4,Done,2025-12-30
caf82624-e52b-11f0-bf7b-965e190dd3fa,2025-12-30,2025-12-30,2025-12-30,V3_5_1_1_6,Done,2025-12-30
cbd135eb-e552-11f0-b24f-5e140ac69200,2025-12-30,,2025-12-30,V3_5_1_8_1,Done,2025-12-30
c8d964e1-e52b-11f0-bf7b-965e190dd3fa,2025-12-30,2025-12-30,2025-12-30,V3_5_2_1_1,Done,2025-12-30
cd18739d-e53e-11f0-bf7b-965e190dd3fa,2025-12-30,2025-12-30,2025-12-30,V3_5_1_9_1,Done,2025-12-30
cd19227d-e531-11f0-b91f-f260ad480fb9,2025-12-30,,2025-12-30,V3_5_3_5_1,Done,2025-12-30
cd1b1ea2-e531-11f0-b24f-5e140ac69200,2025-12-30,,2025-12-30,V3_5_3_5_1,Done,2025-12-30
cd1bba98-e531-11f0-b91f-f260ad480fb9,2025-12-30,,2025-12-30,V3_5_3_5_1,Done,2025-12-30
cd1c2fcd-e531-11f0-b91f-f260ad480fb9,2025-12-30,,2025-12-30,V3_5_3_5_1,Done,2025-12-30
cd4c0626-e53e-11f0-bf7b-965e190dd3fa,2025-12-30,2025-12-30,2025-12-30,V3_5_4_1_1,Done,2025-12-30
cd5ef028-e50a-11f0-b24f-5e140ac69200,2025-12-30,,2025-12-30,V3_5_3_9_1,Done,2025-12-30
cd6ed0a4-e53e-11f0-bf7b-965e190dd3fa,2025-12-30,,2025-12-30,V3_5_4_1_6,Done,2025-12-30
cd8d2e3b-e53e-11f0-bf7b-965e190dd3fa,2025-12-30,2025-12-30,2025-12-30,V3_5_4_1_5,Done,2025-12-30
cdae23db-e53e-11f0-bf7b-965e190dd3fa,2025-12-30,,2025-12-30,V3_5_4_1_4,Done,2025-12-30
cdf2ce42-e53e-11f0-bf7b-965e190dd3fa,2025-12-30,2025-12-30,2025-12-30,V3_5_4_1_2,Done,2025-12-30
d2dd13fb-e530-11f0-b91f-f260ad480fb9,2025-12-30,,2025-12-30,V3_5_3_5_1,Done,2025-12-30
d3005339-e530-11f0-b810-6e40e3e6024a,2025-12-30,,2025-12-30,V3_5_3_5_1,Done,2025-12-30
d5546e57-e52b-11f0-b810-6e40e3e6024a,2025-12-30,2025-12-30,2025-12-30,V3_5_1_1_1,Done,2025-12-30
d5956f55-e52b-11f0-b810-6e40e3e6024a,2025-12-30,2025-12-30,2025-12-30,V3_5_1_1_3,Done,2025-12-30
d5e9821d-e52b-11f0-b810-6e40e3e6024a,2025-12-30,2025-12-30,2025-12-30,V3_5_1_1_10,Done,2025-12-30
d609db81-e52b-11f0-b810-6e40e3e6024a,2025-12-30,2025-12-30,2025-12-30,V3_5_1_1_9,Done,2025-12-30
d62c57c4-e52b-11f0-b810-6e40e3e6024a,2025-12-30,2025-12-30,2025-12-30,V3_5_1_1_8,Done,2025-12-30
d650cfd6-e52b-11f0-b810-6e40e3e6024a,2025-12-30,2025-12-30,2025-12-30,V3_5_1_1_5,Done,2025-12-30
d696b2ba-e52b-11f0-b810-6e40e3e6024a,2025-12-30,2025-12-30,2025-12-30,V3_5_2_1_1,Done,2025-12-30
d728b923-e52b-11f0-b810-6e40e3e6024a,2025-12-30,2025-12-30,2025-12-30,V3_5_2_1_11,Done,2025-12-30
d7741a4a-e52b-11f0-b810-6e40e3e6024a,2025-12-30,2025-12-30,2025-12-30,V3_5_2_1_9,Done,2025-12-30
d798e079-e52b-11f0-b810-6e40e3e6024a,2025-12-30,2025-12-30,2025-12-30,V3_5_2_1_8,Done,2025-12-30
d7d1079b-e52b-11f0-b810-6e40e3e6024a,2025-12-30,2025-12-30,2025-12-30,V3_5_2_1_7,Done,2025-12-30
d815ff1e-e52b-11f0-b810-6e40e3e6024a,2025-12-30,2025-12-30,2025-12-30,V3_5_2_1_5,Done,2025-12-30
d83f5930-e52b-11f0-b810-6e40e3e6024a,2025-12-30,2025-12-30,2025-12-30,V3_5_2_1_4,Done,2025-12-30
d8c15ad6-e52b-11f0-b810-6e40e3e6024a,2025-12-30,2025-12-30,2025-12-30,V3_5_1_1_6,Done,2025-12-30
e0f8f20c-e180-11f0-b810-6e40e3e6024a,2025-12-25,2025-12-26,2025-12-30,V3_5_1_1_11,Done,2025-12-30
e14916ca-e560-11f0-833b-1a66a98ce176,2025-12-30,,2025-12-30,V3_5_3_5_1,Done,2025-12-30
e20cac0f-e180-11f0-b810-6e40e3e6024a,2025-12-25,2025-12-26,2025-12-30,V3_5_2_1_13,Done,2025-12-30
e61d8a64-e552-11f0-b91f-f260ad480fb9,2025-12-30,,2025-12-30,V3_5_1_8_1,Done,2025-12-30
e728a16a-e54c-11f0-833b-1a66a98ce176,2025-12-30,,2025-12-30,V3_5_3_9_1,Done,2025-12-30
ecc7b57f-e4c0-11f0-833b-1a66a98ce176,2025-12-29,,2025-12-30,V3_5_3_9_1,Done,2025-12-30
ed9a4de0-e512-11f0-bf7b-965e190dd3fa,2025-12-30,,2025-12-30,V3_5_3_5_1,Done,2025-12-30
eea7c254-e53e-11f0-b24f-5e140ac69200,2025-12-30,2025-12-30,2025-12-30,V3_5_1_9_1,Done,2025-12-30
ef02b33b-e53e-11f0-b24f-5e140ac69200,2025-12-30,,2025-12-30,V3_5_4_1_6,Done,2025-12-30
ef2137e2-e53e-11f0-b24f-5e140ac69200,2025-12-30,2025-12-30,2025-12-30,V3_5_4_1_5,Done,2025-12-30
ef3fe392-e53e-11f0-b24f-5e140ac69200,2025-12-30,,2025-12-30,V3_5_4_1_4,Done,2025-12-30
ef5e8f44-e53e-11f0-b24f-5e140ac69200,2025-12-30,2025-12-30,2025-12-30,V3_5_4_1_3,Done,2025-12-30
ef7dd739-e53e-11f0-b24f-5e140ac69200,2025-12-30,2025-12-30,2025-12-30,V3_5_4_1_2,Done,2025-12-30
efd4e22e-e4f2-11f0-833b-1a66a98ce176,2025-12-30,,2025-12-30,V3_5_3_5_1,Done,2025-12-30
f0d9f794-e531-11f0-833b-1a66a98ce176,2025-12-30,,2025-12-30,V3_5_3_5_1,Done,2025-12-30
f0dae1ec-e531-11f0-b24f-5e140ac69200,2025-12-30,,2025-12-30,V3_5_3_5_1,Done,2025-12-30
f0e0ae30-e531-11f0-b810-6e40e3e6024a,2025-12-30,,2025-12-30,V3_5_3_5_1,Done,2025-12-30
f0e1bf6a-e531-11f0-b91f-f260ad480fb9,2025-12-30,,2025-12-30,V3_5_3_5_1,Done,2025-12-30
f2ecbd7d-e524-11f0-b24f-5e140ac69200,2025-12-30,,2025-12-30,V3_5_3_5_1,Done,2025-12-30
f2ece571-e524-11f0-833b-1a66a98ce176,2025-12-30,,2025-12-30,V3_5_3_5_1,Done,2025-12-30
f2ee9298-e524-11f0-bf7b-965e190dd3fa,2025-12-30,,2025-12-30,V3_5_3_5_1,Done,2025-12-30
f2eeb954-e524-11f0-b24f-5e140ac69200,2025-12-30,,2025-12-30,V3_5_3_5_1,Done,2025-12-30
f384ad66-e4fe-11f0-bf7b-965e190dd3fa,2025-12-30,,2025-12-30,V3_5_3_5_1,Done,2025-12-30
f4726a17-e53d-11f0-bf7b-965e190dd3fa,2025-12-30,,2025-12-30,V3_5_3_9_1,Done,2025-12-30
f61a131c-e530-11f0-833b-1a66a98ce176,2025-12-30,,2025-12-30,V3_5_1_8_4,Done,2025-12-30
f682e67c-e530-11f0-b91f-f260ad480fb9,2025-12-30,,2025-12-30,V3_5_3_5_1,Done,2025-12-30
f686de2e-e530-11f0-b91f-f260ad480fb9,2025-12-30,,2025-12-30,V3_5_3_5_1,Done,2025-12-30
f699f172-e530-11f0-b810-6e40e3e6024a,2025-12-30,,2025-12-30,V3_5_3_5_1,Done,2025-12-30
f78d1d04-e550-11f0-b810-6e40e3e6024a,2025-12-30,,2025-12-30,V3_5_3_10_1,Done,2025-12-30
f7909f3b-e550-11f0-b24f-5e140ac69200,2025-12-30,,2025-12-30,V3_5_3_10_1,Done,2025-12-30
f7913b84-e550-11f0-b24f-5e140ac69200,2025-12-30,,2025-12-30,V3_5_3_10_1,Done,2025-12-30
f99b41b0-e563-11f0-b810-6e40e3e6024a,2025-12-30,,2025-12-30,V3_5_3_5_1,Done,2025-12-30
fa62918f-e530-11f0-b810-6e40e3e6024a,2025-12-30,,2025-12-30,V3_5_1_8_4,Done,2025-12-30
fe376fc2-e522-11f0-b24f-5e140ac69200,2025-12-30,,2025-12-30,V3_5_3_10_1,Done,2025-12-30
fe3d3c4f-e522-11f0-bf7b-965e190dd3fa,2025-12-30,,2025-12-30,V3_5_3_10_1,Done,2025-12-30
fe53a9fe-e522-11f0-833b-1a66a98ce176,2025-12-30,,2025-12-30,V3_5_3_10_1,Done,2025-12-30
25bc3eb5-e530-11f0-b810-6e40e3e6024a,2025-12-30,2025-12-30,,V3_5_1_2_9,Other,2025-12-30
2f61baaf-e530-11f0-833b-1a66a98ce176,2025-12-30,2025-12-30,,V3_5_1_2_9,Other,2025-12-30
337371ba-e530-11f0-bf7b-965e190dd3fa,2025-12-30,2025-12-30,,V3_5_1_2_9,Other,2025-12-30
384a7531-e530-11f0-b810-6e40e3e6024a,2025-12-30,2025-12-30,,V3_5_1_2_9,Other,2025-12-30
3c6a0fe0-e530-11f0-b91f-f260ad480fb9,2025-12-30,2025-12-30,,V3_5_1_2_9,Other,2025-12-30
af375a3a-e52b-11f0-833b-1a66a98ce176,2025-12-30,2025-12-30,,V3_5_1_1_11,Other,2025-12-30
b03bd1fd-e52b-11f0-833b-1a66a98ce176,2025-12-30,2025-12-30,,V3_5_2_1_13,Other,2025-12-30
b7289601-e52b-11f0-bf7b-965e190dd3fa,2025-12-30,2025-12-30,,V3_5_1_1_11,Other,2025-12-30
b8b37b14-e52b-11f0-bf7b-965e190dd3fa,2025-12-30,2025-12-30,,V3_5_2_1_13,Other,2025-12-30
b96a6f9b-e52b-11f0-bf7b-965e190dd3fa,2025-12-30,2025-12-30,,V3_5_2_1_10,Other,2025-12-30
beeca759-e52b-11f0-b24f-5e140ac69200,2025-12-30,2025-12-30,,V3_5_1_1_11,Other,2025-12-30
c0212f6d-e52b-11f0-b24f-5e140ac69200,2025-12-30,2025-12-30,,V3_5_2_1_13,Other,2025-12-30
c097e5ca-e52b-11f0-b24f-5e140ac69200,2025-12-30,2025-12-30,,V3_5_2_1_10,Other,2025-12-30
c7da6b8e-e52b-11f0-bf7b-965e190dd3fa,2025-12-30,2025-12-30,,V3_5_1_1_11,Other,2025-12-30
c98a3e12-e52b-11f0-bf7b-965e190dd3fa,2025-12-30,2025-12-30,,V3_5_2_1_10,Other,2025-12-30
c8f9e568-e52b-11f0-bf7b-965e190dd3fa,2025-12-30,2025-12-30,,V3_5_2_1_13,Other,2025-12-30
d5bdb7fe-e52b-11f0-b810-6e40e3e6024a,2025-12-30,2025-12-30,,V3_5_1_1_11,Other,2025-12-30
d6d346c1-e52b-11f0-b810-6e40e3e6024a,2025-12-30,2025-12-30,,V3_5_2_1_13,Other,2025-12-30
d74ff05b-e52b-11f0-b810-6e40e3e6024a,2025-12-30,2025-12-30,,V3_5_2_1_10,Other,2025-12-30
5f7038d2-e61f-11f0-811d-0a4b28ca86c6,2025-12-31,2025-12-31,2026-01-05,V3_5_1_2_5,Doing,2025-12-31
003ab65e-e613-11f0-811d-0a4b28ca86c6,2025-12-31,,2025-12-31,V3_5_3_5_1,Done,2025-12-31
003b78cc-e613-11f0-af20-1292749790e6,2025-12-31,,2025-12-31,V3_5_3_5_1,Done,2025-12-31
014c7bf3-e5e0-11f0-b24f-5e140ac69200,2025-12-31,,2025-12-31,V3_5_3_5_1,Done,2025-12-31
05dc2a74-e612-11f0-811d-0a4b28ca86c6,2025-12-31,,2025-12-31,V3_5_3_5_1,Done,2025-12-31
05dd1530-e612-11f0-a448-3e013a4bc24a,2025-12-31,,2025-12-31,V3_5_3_5_1,Done,2025-12-31
05df85dd-e612-11f0-811d-0a4b28ca86c6,2025-12-31,,2025-12-31,V3_5_3_5_1,Done,2025-12-31
05e1a903-e612-11f0-836b-7ee4675ecfd7,2025-12-31,,2025-12-31,V3_5_3_5_1,Done,2025-12-31
06031ca8-e5f9-11f0-bf7b-965e190dd3fa,2025-12-31,,2025-12-31,V3_5_3_5_1,Done,2025-12-31
06031cb0-e5f9-11f0-b24f-5e140ac69200,2025-12-31,,2025-12-31,V3_5_3_5_1,Done,2025-12-31
06039269-e5f9-11f0-b810-6e40e3e6024a,2025-12-31,,2025-12-31,V3_5_3_5_1,Done,2025-12-31
06040762-e5f9-11f0-833b-1a66a98ce176,2025-12-31,,2025-12-31,V3_5_3_5_1,Done,2025-12-31
0b8e680a-e611-11f0-811d-0a4b28ca86c6,2025-12-31,,2025-12-31,V3_5_3_5_1,Done,2025-12-31
0b8fc7af-e611-11f0-a448-3e013a4bc24a,2025-12-31,,2025-12-31,V3_5_3_5_1,Done,2025-12-31
0b91003f-e611-11f0-a448-3e013a4bc24a,2025-12-31,,2025-12-31,V3_5_3_5_1,Done,2025-12-31
0b92fc17-e611-11f0-a448-3e013a4bc24a,2025-12-31,,2025-12-31,V3_5_3_5_1,Done,2025-12-31
0d007835-e5f8-11f0-bf7b-965e190dd3fa,2025-12-31,,2025-12-31,V3_5_3_5_1,Done,2025-12-31
0d01629e-e5f8-11f0-b810-6e40e3e6024a,2025-12-31,,2025-12-31,V3_5_3_5_1,Done,2025-12-31
0d01b0c3-e5f8-11f0-b810-6e40e3e6024a,2025-12-31,,2025-12-31,V3_5_3_5_1,Done,2025-12-31
0d0225ec-e5f8-11f0-bf7b-965e190dd3fa,2025-12-31,,2025-12-31,V3_5_3_5_1,Done,2025-12-31
0d99e0c0-e617-11f0-92cb-ce426f076598,2025-12-31,,2025-12-31,V3_5_3_5_1,Done,2025-12-31
1135aa1b-e610-11f0-af20-1292749790e6,2025-12-31,,2025-12-31,V3_5_3_5_1,Done,2025-12-31
115d559e-e610-11f0-92cb-ce426f076598,2025-12-31,,2025-12-31,V3_5_3_5_1,Done,2025-12-31
1176aa1e-e610-11f0-af20-1292749790e6,2025-12-31,,2025-12-31,V3_5_3_5_1,Done,2025-12-31
202a5ab5-e61a-11f0-836b-7ee4675ecfd7,2025-12-31,,2025-12-31,V3_5_3_5_1,Done,2025-12-31
203137c6-e61a-11f0-92cb-ce426f076598,2025-12-31,,2025-12-31,V3_5_3_5_1,Done,2025-12-31
2032be6e-e61a-11f0-92cb-ce426f076598,2025-12-31,,2025-12-31,V3_5_3_5_1,Done,2025-12-31
223a3ae3-e60d-11f0-92cb-ce426f076598,2025-12-31,,2025-12-31,V3_5_3_5_1,Done,2025-12-31
238c2907-e5b3-11f0-b91f-f260ad480fb9,2025-12-31,,2025-12-31,V3_5_3_9_1,Done,2025-12-31
28f27151-e5f9-11f0-b24f-5e140ac69200,2025-12-31,,2025-12-31,V3_5_3_5_1,Done,2025-12-31
28f35bb8-e5f9-11f0-b24f-5e140ac69200,2025-12-31,,2025-12-31,V3_5_3_5_1,Done,2025-12-31
28f6ddc3-e5f9-11f0-b810-6e40e3e6024a,2025-12-31,,2025-12-31,V3_5_3_5_1,Done,2025-12-31
28f72be8-e5f9-11f0-b810-6e40e3e6024a,2025-12-31,,2025-12-31,V3_5_3_5_1,Done,2025-12-31
298a6d01-e638-11f0-af20-1292749790e6,2025-12-31,,2025-12-31,V3_5_3_9_1,Done,2025-12-31
2996bc16-e47b-11f0-b810-6e40e3e6024a,2025-12-29,2025-12-29,2025-12-31,V3_5_1_2_8,Done,2025-12-31
29a87151-e612-11f0-92cb-ce426f076598,2025-12-31,,2025-12-31,V3_5_3_5_1,Done,2025-12-31
29adefec-e612-11f0-811d-0a4b28ca86c6,2025-12-31,,2025-12-31,V3_5_3_5_1,Done,2025-12-31
29b14b0a-e612-11f0-92cb-ce426f076598,2025-12-31,,2025-12-31,V3_5_3_5_1,Done,2025-12-31
29b1c058-e612-11f0-836b-7ee4675ecfd7,2025-12-31,,2025-12-31,V3_5_3_5_1,Done,2025-12-31
2d4ef446-e5ac-11f0-b810-6e40e3e6024a,2025-12-31,,2025-12-31,V3_5_3_5_1,Done,2025-12-31
2deaae2d-e5f8-11f0-bf7b-965e190dd3fa,2025-12-31,,2025-12-31,V3_5_3_5_1,Done,2025-12-31
2deb235a-e5f8-11f0-b810-6e40e3e6024a,2025-12-31,,2025-12-31,V3_5_3_5_1,Done,2025-12-31
2deb235b-e5f8-11f0-b810-6e40e3e6024a,2025-12-31,,2025-12-31,V3_5_3_5_1,Done,2025-12-31
2decf824-e5f8-11f0-bf7b-965e190dd3fa,2025-12-31,,2025-12-31,V3_5_3_5_1,Done,2025-12-31
2f4ec87c-e611-11f0-a448-3e013a4bc24a,2025-12-31,,2025-12-31,V3_5_3_5_1,Done,2025-12-31
2f50013c-e611-11f0-92cb-ce426f076598,2025-12-31,,2025-12-31,V3_5_3_5_1,Done,2025-12-31
34ebd031-e610-11f0-811d-0a4b28ca86c6,2025-12-31,,2025-12-31,V3_5_3_5_1,Done,2025-12-31
34efef47-e610-11f0-92cb-ce426f076598,2025-12-31,,2025-12-31,V3_5_3_5_1,Done,2025-12-31
34f2392c-e610-11f0-836b-7ee4675ecfd7,2025-12-31,,2025-12-31,V3_5_3_5_1,Done,2025-12-31
3abfedfb-e60f-11f0-836b-7ee4675ecfd7,2025-12-31,,2025-12-31,V3_5_3_5_1,Done,2025-12-31
43f89cf9-e61a-11f0-836b-7ee4675ecfd7,2025-12-31,,2025-12-31,V3_5_3_5_1,Done,2025-12-31
43fa7212-e61a-11f0-92cb-ce426f076598,2025-12-31,,2025-12-31,V3_5_3_5_1,Done,2025-12-31
440064f1-e61a-11f0-a448-3e013a4bc24a,2025-12-31,,2025-12-31,V3_5_3_5_1,Done,2025-12-31
44037272-e61a-11f0-836b-7ee4675ecfd7,2025-12-31,,2025-12-31,V3_5_3_5_1,Done,2025-12-31
440c4bb6-e61a-11f0-811d-0a4b28ca86c6,2025-12-31,,2025-12-31,V3_5_3_5_1,Done,2025-12-31
47d19cb0-e5a1-11f0-833b-1a66a98ce176,2025-12-31,,2025-12-31,V3_5_3_5_1,Done,2025-12-31
4be7b88e-e5f9-11f0-b24f-5e140ac69200,2025-12-31,,2025-12-31,V3_5_3_5_1,Done,2025-12-31
4be918d6-e5f9-11f0-b810-6e40e3e6024a,2025-12-31,,2025-12-31,V3_5_3_5_1,Done,2025-12-31
4be96645-e5f9-11f0-b24f-5e140ac69200,2025-12-31,,2025-12-31,V3_5_3_5_1,Done,2025-12-31
4bea02bb-e5f9-11f0-bf7b-965e190dd3fa,2025-12-31,,2025-12-31,V3_5_3_5_1,Done,2025-12-31
4b2301af-e621-11f0-af20-1292749790e6,2025-12-31,2025-12-31,2025-12-31,V3_5_1_2_7,Done,2025-12-31
4d6e011a-e612-11f0-811d-0a4b28ca86c6,2025-12-31,,2025-12-31,V3_5_3_5_1,Done,2025-12-31
4d73a6ca-e612-11f0-af20-1292749790e6,2025-12-31,,2025-12-31,V3_5_3_5_1,Done,2025-12-31
4d78af76-e612-11f0-92cb-ce426f076598,2025-12-31,,2025-12-31,V3_5_3_5_1,Done,2025-12-31
5147defc-e5f8-11f0-bf7b-965e190dd3fa,2025-12-31,,2025-12-31,V3_5_3_5_1,Done,2025-12-31
51487add-e5f8-11f0-b810-6e40e3e6024a,2025-12-31,,2025-12-31,V3_5_3_5_1,Done,2025-12-31
5309d07d-e611-11f0-836b-7ee4675ecfd7,2025-12-31,,2025-12-31,V3_5_3_5_1,Done,2025-12-31
530def43-e611-11f0-a448-3e013a4bc24a,2025-12-31,,2025-12-31,V3_5_3_5_1,Done,2025-12-31
53101226-e611-11f0-836b-7ee4675ecfd7,2025-12-31,,2025-12-31,V3_5_3_5_1,Done,2025-12-31
531ae84a-e611-11f0-811d-0a4b28ca86c6,2025-12-31,,2025-12-31,V3_5_3_5_1,Done,2025-12-31
532da3f4-e58b-11f0-bf7b-965e190dd3fa,2025-12-30,,2025-12-31,V3_5_3_9_1,Done,2025-12-31
544da8be-e621-11f0-af20-1292749790e6,2025-12-31,2025-12-31,2025-12-31,V3_5_1_2_3,Done,2025-12-31
54ed97cc-e604-11f0-92cb-ce426f076598,2025-12-31,,2025-12-31,V3_5_3_9_1,Done,2025-12-31
598839db-e58b-11f0-b24f-5e140ac69200,2025-12-30,2025-12-31,2025-12-31,V3_5_3_2_3,Done,2025-12-31
63df3cc6-e628-11f0-811d-0a4b28ca86c6,2025-12-31,2025-12-31,2025-12-31,V3_5_1_2_8,Done,2025-12-31
67d3b0ae-e61a-11f0-92cb-ce426f076598,2025-12-31,,2025-12-31,V3_5_3_5_1,Done,2025-12-31
67ddc2d7-e61a-11f0-92cb-ce426f076598,2025-12-31,,2025-12-31,V3_5_3_5_1,Done,2025-12-31
6d65e358-e619-11f0-92cb-ce426f076598,2025-12-31,,2025-12-31,V3_5_3_5_1,Done,2025-12-31
6d66588d-e619-11f0-92cb-ce426f076598,2025-12-31,,2025-12-31,V3_5_3_5_1,Done,2025-12-31
6d671bf1-e619-11f0-811d-0a4b28ca86c6,2025-12-31,,2025-12-31,V3_5_3_5_1,Done,2025-12-31
6d67df36-e619-11f0-92cb-ce426f076598,2025-12-31,,2025-12-31,V3_5_3_5_1,Done,2025-12-31
6d701605-e54d-11f0-b24f-5e140ac69200,2025-12-30,2025-12-31,2025-12-31,V3_5_3_4_1,Done,2025-12-31
6f84d985-e5f9-11f0-bf7b-965e190dd3fa,2025-12-31,,2025-12-31,V3_5_3_5_1,Done,2025-12-31
70f386f9-e5b3-11f0-b810-6e40e3e6024a,2025-12-31,,2025-12-31,V3_5_3_10_1,Done,2025-12-31
71395d43-e612-11f0-af20-1292749790e6,2025-12-31,,2025-12-31,V3_5_3_5_1,Done,2025-12-31
713cdfb0-e612-11f0-836b-7ee4675ecfd7,2025-12-31,,2025-12-31,V3_5_3_9_1,Done,2025-12-31
713cdfb1-e612-11f0-836b-7ee4675ecfd7,2025-12-31,,2025-12-31,V3_5_3_5_1,Done,2025-12-31
713d7c71-e612-11f0-811d-0a4b28ca86c6,2025-12-31,,2025-12-31,V3_5_3_5_1,Done,2025-12-31
713e665a-e612-11f0-836b-7ee4675ecfd7,2025-12-31,,2025-12-31,V3_5_3_5_1,Done,2025-12-31
74d2b023-e5f8-11f0-833b-1a66a98ce176,2025-12-31,,2025-12-31,V3_5_3_5_1,Done,2025-12-31
74ac154b-e5f8-11f0-833b-1a66a98ce176,2025-12-31,,2025-12-31,V3_5_3_5_1,Done,2025-12-31
76d701ac-e611-11f0-a448-3e013a4bc24a,2025-12-31,,2025-12-31,V3_5_3_5_1,Done,2025-12-31
76ebc24d-e611-11f0-a448-3e013a4bc24a,2025-12-31,,2025-12-31,V3_5_3_5_1,Done,2025-12-31
76ec5f2d-e611-11f0-836b-7ee4675ecfd7,2025-12-31,,2025-12-31,V3_5_3_5_1,Done,2025-12-31
7702a5d9-e611-11f0-811d-0a4b28ca86c6,2025-12-31,,2025-12-31,V3_5_3_5_1,Done,2025-12-31
74ab2a67-e5f8-11f0-b810-6e40e3e6024a,2025-12-31,,2025-12-31,V3_5_3_5_1,Done,2025-12-31
74ab036b-e5f8-11f0-b24f-5e140ac69200,2025-12-31,,2025-12-31,V3_5_3_5_1,Done,2025-12-31
813454d6-dfcf-11f0-867b-4a3c555931f0,2025-12-23,2025-12-23,2025-12-31,V3_5_2_8_3,Done,2025-12-31
911ec8cb-e619-11f0-811d-0a4b28ca86c6,2025-12-31,,2025-12-31,V3_5_3_5_1,Done,2025-12-31
91255909-e619-11f0-92cb-ce426f076598,2025-12-31,,2025-12-31,V3_5_3_5_1,Done,2025-12-31
912901e9-e619-11f0-836b-7ee4675ecfd7,2025-12-31,,2025-12-31,V3_5_3_5_1,Done,2025-12-31
94ef5d09-e612-11f0-92cb-ce426f076598,2025-12-31,,2025-12-31,V3_5_3_5_1,Done,2025-12-31
94f2dfe1-e612-11f0-af20-1292749790e6,2025-12-31,,2025-12-31,V3_5_3_5_1,Done,2025-12-31
94f6d732-e612-11f0-92cb-ce426f076598,2025-12-31,,2025-12-31,V3_5_3_5_1,Done,2025-12-31
96fd6d31-e623-11f0-836b-7ee4675ecfd7,2025-12-31,2025-12-31,2025-12-31,V3_5_1_2_2,Done,2025-12-31
9890772c-e5f8-11f0-b24f-5e140ac69200,2025-12-31,,2025-12-31,V3_5_3_5_1,Done,2025-12-31
9893f999-e5f8-11f0-b810-6e40e3e6024a,2025-12-31,,2025-12-31,V3_5_3_5_1,Done,2025-12-31
989420d0-e5f8-11f0-bf7b-965e190dd3fa,2025-12-31,,2025-12-31,V3_5_3_5_1,Done,2025-12-31
9895f597-e5f8-11f0-bf7b-965e190dd3fa,2025-12-31,,2025-12-31,V3_5_3_5_1,Done,2025-12-31
9a960232-e611-11f0-836b-7ee4675ecfd7,2025-12-31,,2025-12-31,V3_5_3_5_1,Done,2025-12-31
9a984c7f-e611-11f0-a448-3e013a4bc24a,2025-12-31,,2025-12-31,V3_5_3_5_1,Done,2025-12-31
9a9df18b-e611-11f0-836b-7ee4675ecfd7,2025-12-31,,2025-12-31,V3_5_3_5_1,Done,2025-12-31
9b165067-e623-11f0-92cb-ce426f076598,2025-12-31,2025-12-31,2025-12-31,V3_5_1_2_10,Done,2025-12-31
a06da1e9-e610-11f0-a448-3e013a4bc24a,2025-12-31,,2025-12-31,V3_5_3_5_1,Done,2025-12-31
a079c8d4-e616-11f0-811d-0a4b28ca86c6,2025-12-31,2025-12-31,2025-12-31,V3_5_3_4_1,Done,2025-12-31
a5ece8ee-e60f-11f0-af20-1292749790e6,2025-12-31,,2025-12-31,V3_5_3_5_1,Done,2025-12-31
b296b8d0-e5c7-11f0-833b-1a66a98ce176,2025-12-31,,2025-12-31,V3_5_3_9_1,Done,2025-12-31
b4dee11f-e5a7-11f0-bf7b-965e190dd3fa,2025-12-31,,2025-12-31,V3_5_3_5_1,Done,2025-12-31
b4f9410e-e619-11f0-af20-1292749790e6,2025-12-31,,2025-12-31,V3_5_3_5_1,Done,2025-12-31
b5068708-e619-11f0-92cb-ce426f076598,2025-12-31,,2025-12-31,V3_5_3_5_1,Done,2025-12-31
bb98f380-e5e5-11f0-bf7b-965e190dd3fa,2025-12-31,,2025-12-31,V3_5_3_5_1,Done,2025-12-31
be5d6676-e611-11f0-836b-7ee4675ecfd7,2025-12-31,,2025-12-31,V3_5_3_5_1,Done,2025-12-31
be5f3b7b-e611-11f0-a448-3e013a4bc24a,2025-12-31,,2025-12-31,V3_5_3_5_1,Done,2025-12-31
be62e4eb-e611-11f0-811d-0a4b28ca86c6,2025-12-31,,2025-12-31,V3_5_3_5_1,Done,2025-12-31
be649301-e611-11f0-92cb-ce426f076598,2025-12-31,,2025-12-31,V3_5_3_5_1,Done,2025-12-31
be694db4-e611-11f0-a448-3e013a4bc24a,2025-12-31,,2025-12-31,V3_5_3_5_1,Done,2025-12-31
c072f36a-e592-11f0-b24f-5e140ac69200,2025-12-30,,2025-12-31,V3_5_3_5_1,Done,2025-12-31
c10cb785-e56c-11f0-b91f-f260ad480fb9,2025-12-30,,2025-12-31,V3_5_3_9_1,Done,2025-12-31
c1e2c67d-e5f8-11f0-b24f-5e140ac69200,2025-12-31,,2025-12-31,V3_5_3_5_1,Done,2025-12-31
c1e2ed59-e5f8-11f0-833b-1a66a98ce176,2025-12-31,,2025-12-31,V3_5_3_5_1,Done,2025-12-31
c1e3fede-e5f8-11f0-b810-6e40e3e6024a,2025-12-31,,2025-12-31,V3_5_3_5_1,Done,2025-12-31
c2a15098-e5f7-11f0-b24f-5e140ac69200,2025-12-31,,2025-12-31,V3_5_3_5_1,Done,2025-12-31
c2a3c27f-e5f7-11f0-b810-6e40e3e6024a,2025-12-31,,2025-12-31,V3_5_3_5_1,Done,2025-12-31
c2a54898-e5f7-11f0-833b-1a66a98ce176,2025-12-31,,2025-12-31,V3_5_3_5_1,Done,2025-12-31
c412d8d0-e610-11f0-92cb-ce426f076598,2025-12-31,,2025-12-31,V3_5_3_5_1,Done,2025-12-31
c415e5c1-e610-11f0-a448-3e013a4bc24a,2025-12-31,,2025-12-31,V3_5_3_5_1,Done,2025-12-31
c6cc1f4d-e655-11f0-af20-1292749790e6,2025-12-31,,2025-12-31,V3_5_3_10_1,Done,2025-12-31
c88c51b6-e5f6-11f0-bf7b-965e190dd3fa,2025-12-31,,2025-12-31,V3_5_3_5_1,Done,2025-12-31
c9a7a3c5-e60f-11f0-af20-1292749790e6,2025-12-31,,2025-12-31,V3_5_3_5_1,Done,2025-12-31
c9a9ee18-e60f-11f0-811d-0a4b28ca86c6,2025-12-31,,2025-12-31,V3_5_3_5_1,Done,2025-12-31
c9aa14cd-e60f-11f0-af20-1292749790e6,2025-12-31,,2025-12-31,V3_5_3_5_1,Done,2025-12-31
c9b75af6-e60f-11f0-836b-7ee4675ecfd7,2025-12-31,,2025-12-31,V3_5_3_5_1,Done,2025-12-31
cd0b2fff-e5bc-11f0-833b-1a66a98ce176,2025-12-31,,2025-12-31,V3_5_3_5_1,Done,2025-12-31
ce2ccc4d-e54d-11f0-b810-6e40e3e6024a,2025-12-30,2025-12-31,2025-12-31,V3_5_3_4_1,Done,2025-12-31
cf02b9aa-e54d-11f0-b810-6e40e3e6024a,2025-12-30,2025-12-31,2025-12-31,V3_5_3_4_1,Done,2025-12-31
d03952a0-e5ee-11f0-b91f-f260ad480fb9,2025-12-31,,2025-12-31,V3_5_3_9_1,Done,2025-12-31
d3867a01-e582-11f0-b810-6e40e3e6024a,2025-12-30,,2025-12-31,V3_5_3_5_1,Done,2025-12-31
d89fd657-e619-11f0-92cb-ce426f076598,2025-12-31,,2025-12-31,V3_5_3_5_1,Done,2025-12-31
d8c38b28-e619-11f0-92cb-ce426f076598,2025-12-31,,2025-12-31,V3_5_3_5_1,Done,2025-12-31
d8d58cc6-e619-11f0-92cb-ce426f076598,2025-12-31,,2025-12-31,V3_5_3_5_1,Done,2025-12-31
d8fdfbf2-e619-11f0-811d-0a4b28ca86c6,2025-12-31,,2025-12-31,V3_5_3_5_1,Done,2025-12-31
dc8ab044-e5a0-11f0-833b-1a66a98ce176,2025-12-31,,2025-12-31,V3_5_3_9_1,Done,2025-12-31
e10fbbd5-e5f8-11f0-b24f-5e140ac69200,2025-12-31,,2025-12-31,V3_5_3_5_1,Done,2025-12-31
e1111b59-e5f8-11f0-833b-1a66a98ce176,2025-12-31,,2025-12-31,V3_5_3_5_1,Done,2025-12-31
e111b79e-e5f8-11f0-833b-1a66a98ce176,2025-12-31,,2025-12-31,V3_5_3_5_1,Done,2025-12-31
e111deab-e5f8-11f0-bf7b-965e190dd3fa,2025-12-31,,2025-12-31,V3_5_3_5_1,Done,2025-12-31
e1e649a1-e616-11f0-92cb-ce426f076598,2025-12-31,2025-12-31,2025-12-31,V3_5_3_4_1,Done,2025-12-31
e22c45b3-e611-11f0-836b-7ee4675ecfd7,2025-12-31,,2025-12-31,V3_5_3_5_1,Done,2025-12-31
e22cbb15-e611-11f0-92cb-ce426f076598,2025-12-31,,2025-12-31,V3_5_3_5_1,Done,2025-12-31
e23323fb-e611-11f0-a448-3e013a4bc24a,2025-12-31,,2025-12-31,V3_5_3_5_1,Done,2025-12-31
e24684cf-e611-11f0-92cb-ce426f076598,2025-12-31,,2025-12-31,V3_5_3_5_1,Done,2025-12-31
e2485900-e611-11f0-811d-0a4b28ca86c6,2025-12-31,,2025-12-31,V3_5_3_5_1,Done,2025-12-31
e61935d8-e5f7-11f0-b91f-f260ad480fb9,2025-12-31,,2025-12-31,V3_5_3_5_1,Done,2025-12-31
e61a471c-e5f7-11f0-b24f-5e140ac69200,2025-12-31,,2025-12-31,V3_5_3_5_1,Done,2025-12-31
e61a6e5f-e5f7-11f0-b810-6e40e3e6024a,2025-12-31,,2025-12-31,V3_5_3_5_1,Done,2025-12-31
e61b0aab-e5f7-11f0-bf7b-965e190dd3fa,2025-12-31,,2025-12-31,V3_5_3_5_1,Done,2025-12-31
e7a21130-e622-11f0-836b-7ee4675ecfd7,2025-12-31,,2025-12-31,V3_5_3_9_1,Done,2025-12-31
e7d5344b-e610-11f0-811d-0a4b28ca86c6,2025-12-31,,2025-12-31,V3_5_3_5_1,Done,2025-12-31
e7d5d0e7-e610-11f0-a448-3e013a4bc24a,2025-12-31,,2025-12-31,V3_5_3_5_1,Done,2025-12-31
e7d9535f-e610-11f0-a448-3e013a4bc24a,2025-12-31,,2025-12-31,V3_5_3_5_1,Done,2025-12-31
e7db4f3e-e610-11f0-a448-3e013a4bc24a,2025-12-31,,2025-12-31,V3_5_3_5_1,Done,2025-12-31
e7e190da-e610-11f0-836b-7ee4675ecfd7,2025-12-31,,2025-12-31,V3_5_3_5_1,Done,2025-12-31
ecb2862c-e5d6-11f0-833b-1a66a98ce176,2025-12-31,,2025-12-31,V3_5_3_9_1,Done,2025-12-31
ed6f7dfc-e60f-11f0-92cb-ce426f076598,2025-12-31,,2025-12-31,V3_5_3_5_1,Done,2025-12-31
ed780949-e60f-11f0-836b-7ee4675ecfd7,2025-12-31,,2025-12-31,V3_5_3_5_1,Done,2025-12-31
ed915da0-e60f-11f0-811d-0a4b28ca86c6,2025-12-31,,2025-12-31,V3_5_3_5_1,Done,2025-12-31
eee0d41d-e53e-11f0-b24f-5e140ac69200,2025-12-30,2025-12-30,2025-12-31,V3_5_4_1_1,Done,2025-12-31
f7ce1289-e61e-11f0-a448-3e013a4bc24a,2025-12-31,2025-12-31,2025-12-31,V3_5_1_1_1,Done,2025-12-31
f8141b97-e61e-11f0-a448-3e013a4bc24a,2025-12-31,2025-12-31,2025-12-31,V3_5_1_1_3,Done,2025-12-31
f90be91d-e61e-11f0-a448-3e013a4bc24a,2025-12-31,2025-12-31,2025-12-31,V3_5_2_1_1,Done,2025-12-31
f97d9746-e61e-11f0-a448-3e013a4bc24a,2025-12-31,2025-12-31,2025-12-31,V3_5_2_1_11,Done,2025-12-31
f996cc46-e5eb-11f0-b91f-f260ad480fb9,2025-12-31,2025-12-31,2025-12-31,V3_5_3_11_1,Done,2025-12-31
f8c5df29-e61e-11f0-a448-3e013a4bc24a,2025-12-31,2025-12-31,2025-12-31,V3_5_1_1_5,Done,2025-12-31
f9c48a9d-e61e-11f0-a448-3e013a4bc24a,2025-12-31,2025-12-31,2025-12-31,V3_5_2_1_9,Done,2025-12-31
f8a3d917-e61e-11f0-a448-3e013a4bc24a,2025-12-31,2025-12-31,2025-12-31,V3_5_1_1_8,Done,2025-12-31
f9ea3b2c-e61e-11f0-a448-3e013a4bc24a,2025-12-31,2025-12-31,2025-12-31,V3_5_2_1_8,Done,2025-12-31
fa0d058e-e61e-11f0-a448-3e013a4bc24a,2025-12-31,2025-12-31,2025-12-31,V3_5_2_1_7,Done,2025-12-31
fa57ca72-e61e-11f0-a448-3e013a4bc24a,2025-12-31,2025-12-31,2025-12-31,V3_5_2_1_5,Done,2025-12-31
fa5c3cfd-e626-11f0-af20-1292749790e6,2025-12-31,,2025-12-31,V3_5_3_5_1,Done,2025-12-31
f87dda64-e61e-11f0-a448-3e013a4bc24a,2025-12-31,2025-12-31,2025-12-31,V3_5_1_1_9,Done,2025-12-31
fa7fec04-e61e-11f0-a448-3e013a4bc24a,2025-12-31,2025-12-31,2025-12-31,V3_5_2_1_4,Done,2025-12-31
faf0d5aa-e61e-11f0-a448-3e013a4bc24a,2025-12-31,2025-12-31,2025-12-31,V3_5_1_1_6,Done,2025-12-31
f85c6f90-e61e-11f0-a448-3e013a4bc24a,2025-12-31,2025-12-31,2025-12-31,V3_5_1_1_10,Done,2025-12-31
fc63b91d-e619-11f0-811d-0a4b28ca86c6,2025-12-31,,2025-12-31,V3_5_3_5_1,Done,2025-12-31
fc64ca1b-e619-11f0-92cb-ce426f076598,2025-12-31,,2025-12-31,V3_5_3_10_1,Done,2025-12-31
fc66c66a-e619-11f0-811d-0a4b28ca86c6,2025-12-31,,2025-12-31,V3_5_3_5_1,Done,2025-12-31
fc6873d8-e619-11f0-af20-1292749790e6,2025-12-31,,2025-12-31,V3_5_3_5_1,Done,2025-12-31
fe74f87f-e60c-11f0-836b-7ee4675ecfd7,2025-12-31,,2025-12-31,V3_5_3_5_1,Done,2025-12-31
3b5ea608-e661-11f0-a448-3e013a4bc24a,2025-12-31,,2026-01-01,V3_5_3_9_1,Other,2025-12-31
42631fb2-e65b-11f0-836b-7ee4675ecfd7,2025-12-31,,2026-01-01,V3_5_3_5_1,Other,2025-12-31
5d84e347-e61f-11f0-811d-0a4b28ca86c6,2025-12-31,2025-12-31,,V3_5_1_2_9,Other,2025-12-31
f83622b1-e61e-11f0-a448-3e013a4bc24a,2025-12-31,2025-12-31,,V3_5_1_1_11,Other,2025-12-31
f930d674-e61e-11f0-a448-3e013a4bc24a,2025-12-31,2025-12-31,,V3_5_2_1_13,Other,2025-12-31
f9a394fe-e61e-11f0-a448-3e013a4bc24a,2025-12-31,2025-12-31,,V3_5_2_1_10,Other,2025-12-31
f7ef2e51-e61e-11f0-a448-3e013a4bc24a,2025-12-31,2026-01-05,2026-01-05,V3_5_1_1_2,Todo,2025-12-31
f8eb1a8c-e61e-11f0-a448-3e013a4bc24a,2025-12-31,2026-01-05,2026-01-05,V3_5_1_1_4,Todo,2025-12-31
f95cc8b1-e61e-11f0-a448-3e013a4bc24a,2025-12-31,2026-01-05,2026-01-05,V3_5_2_1_12,Todo,2025-12-31
fa32dd32-e61e-11f0-a448-3e013a4bc24a,2025-12-31,2026-01-05,2026-01-05,V3_5_2_1_6,Todo,2025-12-31
faa414f6-e61e-11f0-a448-3e013a4bc24a,2025-12-31,2026-01-05,2026-01-05,V3_5_2_1_3,Todo,2025-12-31
facb9a46-e61e-11f0-a448-3e013a4bc24a,2025-12-31,2026-01-05,2026-01-05,V3_5_2_1_2,Todo,2025-12-31
fb1b1a19-e61e-11f0-a448-3e013a4bc24a,2025-12-31,2026-01-05,2026-01-05,V3_5_1_1_7,Todo,2025-12-31
