Task ID,Start Date,Claim Time,End Time,Status (Weekly Cohort)
5168fb02-e47b-11f0-b810-6e40e3e6024a,2025-12-29,2025-12-29 13:59:04,2026-01-06 15:43:02,DOING
88dcb572-e48e-11f0-bf7b-965e190dd3fa,2025-12-29,2025-12-30 17:22:14,2026-01-05 16:51:33,DOING
9a1764b9-e47b-11f0-b91f-f260ad480fb9,2025-12-29,2025-12-29 14:00:53,2026-01-06 15:39:01,DOING
affbc326-e489-11f0-b24f-5e140ac69200,2025-12-29,2025-12-29 15:55:12,2026-01-06 05:01:13,DOING
ce3a077a-e488-11f0-833b-1a66a98ce176,2025-12-29,2025-12-29 17:32:44,1970-01-01 00:00:00,DOING
ce5de368-e488-11f0-833b-1a66a98ce176,2025-12-29,2025-12-29 15:40:36,1970-01-01 00:00:00,DOING
d297e366-e488-11f0-b91f-f260ad480fb9,2025-12-29,2025-12-29 17:32:44,2026-01-06 01:58:01,DOING
d2b9ea94-e488-11f0-b91f-f260ad480fb9,2025-12-29,2025-12-29 15:40:25,2026-01-05 17:06:55,DOING
25bc3eb5-e530-11f0-b810-6e40e3e6024a,2025-12-30,2025-12-30 13:14:07,1970-01-01 00:00:00,DOING
2f61baaf-e530-11f0-833b-1a66a98ce176,2025-12-30,2025-12-30 13:14:01,1970-01-01 00:00:00,DOING
337371ba-e530-11f0-bf7b-965e190dd3fa,2025-12-30,2025-12-30 13:13:54,1970-01-01 00:00:00,DOING
384a7531-e530-11f0-b810-6e40e3e6024a,2025-12-30,2025-12-30 13:13:48,1970-01-01 00:00:00,DOING
3c6a0fe0-e530-11f0-b91f-f260ad480fb9,2025-12-30,2025-12-30 13:13:41,1970-01-01 00:00:00,DOING
61a69e17-e4dd-11f0-b91f-f260ad480fb9,2025-12-30,2025-12-30 17:22:14,2026-01-05 16:57:54,DOING
66f828e5-e4dd-11f0-b24f-5e140ac69200,2025-12-30,2025-12-30 17:22:14,2026-01-05 16:52:32,DOING
aee5de8b-e52b-11f0-833b-1a66a98ce176,2025-12-30,2025-12-30 17:22:13,2026-01-05 16:48:38,DOING
af375a3a-e52b-11f0-833b-1a66a98ce176,2025-12-30,2025-12-30 13:15:01,1970-01-01 00:00:00,DOING
aff1d055-e52b-11f0-833b-1a66a98ce176,2025-12-30,2025-12-30 17:22:08,2026-01-05 16:50:50,DOING
b03bd1fd-e52b-11f0-833b-1a66a98ce176,2025-12-30,2025-12-30 13:15:01,1970-01-01 00:00:00,DOING
b06ca53a-e52b-11f0-833b-1a66a98ce176,2025-12-30,2025-12-30 17:22:07,2026-01-05 15:12:35,DOING
b0b1ebe7-e52b-11f0-833b-1a66a98ce176,2025-12-30,2025-12-30 14:37:29,2026-01-07 13:42:28,DOING
b158b3ba-e52b-11f0-833b-1a66a98ce176,2025-12-30,2025-12-30 17:22:07,2026-01-05 16:50:35,DOING
b1de0fbe-e52b-11f0-833b-1a66a98ce176,2025-12-30,2025-12-30 17:22:07,2026-01-05 16:51:05,DOING
b2051fde-e52b-11f0-833b-1a66a98ce176,2025-12-30,2025-12-30 17:22:07,2026-01-05 16:48:49,DOING
b28af1f1-e52b-11f0-833b-1a66a98ce176,2025-12-30,2025-12-30 17:22:07,2026-01-05 15:20:03,DOING
b6b847b2-e52b-11f0-bf7b-965e190dd3fa,2025-12-30,2025-12-30 17:22:07,2026-01-05 16:50:07,DOING
b7289601-e52b-11f0-bf7b-965e190dd3fa,2025-12-30,2025-12-30 13:15:01,1970-01-01 00:00:00,DOING
b861b228-e52b-11f0-bf7b-965e190dd3fa,2025-12-30,2025-12-30 17:22:07,2026-01-05 16:48:16,DOING
b8b37b14-e52b-11f0-bf7b-965e190dd3fa,2025-12-30,2025-12-30 13:15:01,1970-01-01 00:00:00,DOING
b90d823e-e52b-11f0-bf7b-965e190dd3fa,2025-12-30,2025-12-30 17:22:07,2026-01-05 15:06:01,DOING
b96a6f9b-e52b-11f0-bf7b-965e190dd3fa,2025-12-30,2025-12-30 14:37:21,1970-01-01 00:00:00,DOING
ba2de62e-e52b-11f0-bf7b-965e190dd3fa,2025-12-30,2025-12-30 17:22:07,2026-01-05 16:51:51,DOING
ba99a0b2-e52b-11f0-bf7b-965e190dd3fa,2025-12-30,2025-12-30 17:22:01,2026-01-05 16:49:38,DOING
babfc672-e52b-11f0-bf7b-965e190dd3fa,2025-12-30,2025-12-30 17:22:01,2026-01-05 16:46:40,DOING
bb064595-e52b-11f0-bf7b-965e190dd3fa,2025-12-30,2025-12-30 17:22:01,2026-01-05 15:19:54,DOING
be9d006a-e52b-11f0-b24f-5e140ac69200,2025-12-30,2025-12-30 17:22:01,2026-01-05 16:46:01,DOING
beeca759-e52b-11f0-b24f-5e140ac69200,2025-12-30,2025-12-30 13:14:43,1970-01-01 00:00:00,DOING
bfddbe29-e52b-11f0-b24f-5e140ac69200,2025-12-30,2025-12-30 17:22:01,2026-01-05 16:46:26,DOING
c0212f6d-e52b-11f0-b24f-5e140ac69200,2025-12-30,2025-12-30 13:14:37,1970-01-01 00:00:00,DOING
c04fe0d4-e52b-11f0-b24f-5e140ac69200,2025-12-30,2025-12-30 17:22:01,2026-01-05 15:12:12,DOING
c097e5ca-e52b-11f0-b24f-5e140ac69200,2025-12-30,2025-12-30 14:37:20,1970-01-01 00:00:00,DOING
c122c12d-e52b-11f0-b24f-5e140ac69200,2025-12-30,2025-12-30 17:22:00,2026-01-05 16:46:14,DOING
c196b811-e52b-11f0-b24f-5e140ac69200,2025-12-30,2025-12-30 17:22:00,2026-01-05 16:47:11,DOING
c1b9d091-e52b-11f0-b24f-5e140ac69200,2025-12-30,2025-12-30 17:22:00,2026-01-05 16:45:17,DOING
c2050aa4-e52b-11f0-b24f-5e140ac69200,2025-12-30,2025-12-30 17:22:00,2026-01-05 16:45:00,DOING
c77e1a6f-e52b-11f0-bf7b-965e190dd3fa,2025-12-30,2025-12-30 17:21:51,2026-01-05 15:13:08,DOING
c7da6b8e-e52b-11f0-bf7b-965e190dd3fa,2025-12-30,2025-12-30 13:14:31,1970-01-01 00:00:00,DOING
c8b4c5c0-e52b-11f0-bf7b-965e190dd3fa,2025-12-30,2025-12-30 17:21:51,2026-01-05 15:05:03,DOING
c8f9e568-e52b-11f0-bf7b-965e190dd3fa,2025-12-30,2025-12-30 13:14:25,1970-01-01 00:00:00,DOING
c93518e5-e52b-11f0-bf7b-965e190dd3fa,2025-12-30,2025-12-30 17:21:51,2026-01-05 16:44:47,DOING
c98a3e12-e52b-11f0-bf7b-965e190dd3fa,2025-12-30,2025-12-30 14:37:07,1970-01-01 00:00:00,DOING
ca315405-e52b-11f0-bf7b-965e190dd3fa,2025-12-30,2025-12-30 17:21:51,2026-01-05 16:43:20,DOING
caaf35f9-e52b-11f0-bf7b-965e190dd3fa,2025-12-30,2025-12-30 17:21:51,2026-01-05 15:16:18,DOING
cad35fe9-e52b-11f0-bf7b-965e190dd3fa,2025-12-30,2025-12-30 17:21:51,2026-01-05 15:19:35,DOING
cb1f8467-e52b-11f0-bf7b-965e190dd3fa,2025-12-30,2025-12-30 17:21:51,2026-01-05 15:12:44,DOING
cdce562d-e53e-11f0-bf7b-965e190dd3fa,2025-12-30,2025-12-30 17:21:26,2026-01-05 15:14:05,DOING
d573412f-e52b-11f0-b810-6e40e3e6024a,2025-12-30,2025-12-30 17:21:43,2026-01-05 15:13:53,DOING
d5bdb7fe-e52b-11f0-b810-6e40e3e6024a,2025-12-30,2025-12-30 13:14:19,1970-01-01 00:00:00,DOING
d67547e9-e52b-11f0-b810-6e40e3e6024a,2025-12-30,2025-12-30 17:21:43,2026-01-05 15:03:06,DOING
d6d346c1-e52b-11f0-b810-6e40e3e6024a,2025-12-30,2025-12-30 13:14:12,1970-01-01 00:00:00,DOING
d703088e-e52b-11f0-b810-6e40e3e6024a,2025-12-30,2025-12-30 17:21:43,2026-01-05 16:43:00,DOING
d74ff05b-e52b-11f0-b810-6e40e3e6024a,2025-12-30,2025-12-30 14:36:45,1970-01-01 00:00:00,DOING
d7f335be-e52b-11f0-b810-6e40e3e6024a,2025-12-30,2025-12-30 17:21:43,2026-01-05 15:20:12,DOING
d86be792-e52b-11f0-b810-6e40e3e6024a,2025-12-30,2025-12-30 17:21:43,2026-01-05 15:20:22,DOING
d8989d02-e52b-11f0-b810-6e40e3e6024a,2025-12-30,2025-12-30 17:21:43,2026-01-05 15:20:33,DOING
d8e50f95-e52b-11f0-b810-6e40e3e6024a,2025-12-30,2025-12-30 17:21:35,2026-01-05 15:03:37,DOING
5d84e347-e61f-11f0-811d-0a4b28ca86c6,2025-12-31,2025-12-31 17:24:44,1970-01-01 00:00:00,DOING
5f7038d2-e61f-11f0-811d-0a4b28ca86c6,2025-12-31,2025-12-31 16:07:59,2026-01-05 08:51:50,DOING
f83622b1-e61e-11f0-a448-3e013a4bc24a,2025-12-31,2025-12-31 17:24:56,1970-01-01 00:00:00,DOING
f930d674-e61e-11f0-a448-3e013a4bc24a,2025-12-31,2025-12-31 17:24:51,1970-01-01 00:00:00,DOING
f9a394fe-e61e-11f0-a448-3e013a4bc24a,2025-12-31,2025-12-31 17:07:23,1970-01-01 00:00:00,DOING
04a58882-e471-11f0-bf7b-965e190dd3fa,2025-12-29,1970-01-01 00:00:00,2025-12-29 15:27:10,DONE
107448a5-e478-11f0-bf7b-965e190dd3fa,2025-12-29,2025-12-29 16:51:42,2025-12-29 16:52:10,DONE
28d0b3b1-e45e-11f0-bf7b-965e190dd3fa,2025-12-29,1970-01-01 00:00:00,2025-12-29 10:36:10,DONE
28d128ab-e45e-11f0-b91f-f260ad480fb9,2025-12-29,1970-01-01 00:00:00,2025-12-29 10:36:10,DONE
28d19db7-e45e-11f0-833b-1a66a98ce176,2025-12-29,1970-01-01 00:00:00,2025-12-29 10:37:10,DONE
2996bc16-e47b-11f0-b810-6e40e3e6024a,2025-12-29,2025-12-29 13:59:04,2025-12-31 15:52:52,DONE
2bd9e21e-e488-11f0-b91f-f260ad480fb9,2025-12-29,2025-12-29 15:33:59,2025-12-29 15:34:47,DONE
318782da-e47b-11f0-833b-1a66a98ce176,2025-12-29,2025-12-29 13:59:04,2025-12-29 13:59:56,DONE
38cefb0e-e484-11f0-b24f-5e140ac69200,2025-12-29,2025-12-29 16:11:04,2025-12-29 16:11:25,DONE
3d53266a-e488-11f0-b24f-5e140ac69200,2025-12-29,2025-12-29 15:33:58,2025-12-29 15:34:33,DONE
42fc6b31-e484-11f0-833b-1a66a98ce176,2025-12-29,2025-12-29 16:11:04,2025-12-29 16:11:24,DONE
513bd05d-e47b-11f0-b810-6e40e3e6024a,2025-12-29,2025-12-29 15:23:53,2025-12-29 15:39:08,DONE
59805c85-e47b-11f0-833b-1a66a98ce176,2025-12-29,2025-12-29 13:59:04,2025-12-29 13:59:23,DONE
5d362589-e488-11f0-b91f-f260ad480fb9,2025-12-29,2025-12-29 15:33:58,2025-12-29 15:34:27,DONE
6658c02b-e459-11f0-b810-6e40e3e6024a,2025-12-29,2025-12-29 13:53:17,2025-12-29 13:57:54,DONE
6be51915-e478-11f0-b810-6e40e3e6024a,2025-12-29,1970-01-01 00:00:00,2025-12-29 17:12:10,DONE
6e0ae95b-e484-11f0-b810-6e40e3e6024a,2025-12-29,2025-12-29 16:11:03,2025-12-29 16:11:24,DONE
74d43f9e-e487-11f0-b810-6e40e3e6024a,2025-12-29,2025-12-29 15:34:08,2025-12-29 15:38:59,DONE
75f494ef-e45d-11f0-b91f-f260ad480fb9,2025-12-29,1970-01-01 00:00:00,2025-12-29 10:31:10,DONE
75f55846-e45d-11f0-b91f-f260ad480fb9,2025-12-29,1970-01-01 00:00:00,2025-12-29 10:33:10,DONE
75f90248-e45d-11f0-bf7b-965e190dd3fa,2025-12-29,1970-01-01 00:00:00,2025-12-29 10:33:10,DONE
75fea7c9-e45d-11f0-833b-1a66a98ce176,2025-12-29,1970-01-01 00:00:00,2025-12-29 10:32:10,DONE
78cf3213-e495-11f0-b91f-f260ad480fb9,2025-12-29,1970-01-01 00:00:00,2025-12-29 19:12:10,DONE
85a2d34a-e4a6-11f0-833b-1a66a98ce176,2025-12-29,1970-01-01 00:00:00,2025-12-29 22:20:00,DONE
88bbe6df-e48e-11f0-bf7b-965e190dd3fa,2025-12-29,2025-12-30 13:42:15,2025-12-30 13:45:26,DONE
899ae0f1-e484-11f0-b24f-5e140ac69200,2025-12-29,2025-12-29 16:11:03,2025-12-29 16:11:22,DONE
89b1f6e2-e49f-11f0-b24f-5e140ac69200,2025-12-29,1970-01-01 00:00:00,2025-12-29 22:37:10,DONE
9994e9fd-e45d-11f0-b24f-5e140ac69200,2025-12-29,1970-01-01 00:00:00,2025-12-29 10:39:10,DONE
9995ad13-e45d-11f0-833b-1a66a98ce176,2025-12-29,1970-01-01 00:00:00,2025-12-29 10:40:10,DONE
99b3209f-e45d-11f0-b810-6e40e3e6024a,2025-12-29,1970-01-01 00:00:00,2025-12-29 10:41:10,DONE
99bd0bb7-e45d-11f0-b810-6e40e3e6024a,2025-12-29,1970-01-01 00:00:00,2025-12-29 10:40:10,DONE
99f7324f-e47b-11f0-b91f-f260ad480fb9,2025-12-29,2025-12-29 15:23:53,2025-12-29 15:24:47,DONE
a9dab2f8-e489-11f0-833b-1a66a98ce176,2025-12-29,2025-12-29 15:55:13,2025-12-30 22:25:11,DONE
aa0b87db-e489-11f0-833b-1a66a98ce176,2025-12-29,2025-12-29 17:32:42,2025-12-29 17:34:03,DONE
aa2e78a7-e489-11f0-833b-1a66a98ce176,2025-12-29,2025-12-29 15:42:35,2025-12-29 15:43:32,DONE
aa4b28d9-e489-11f0-833b-1a66a98ce176,2025-12-29,2025-12-29 16:11:03,2025-12-29 16:12:08,DONE
adc87068-e47b-11f0-b810-6e40e3e6024a,2025-12-29,2025-12-29 16:11:04,2025-12-29 16:12:40,DONE
affa80a1-e458-11f0-b810-6e40e3e6024a,2025-12-29,1970-01-01 00:00:00,2025-12-29 12:56:10,DONE
b02c6fab-e489-11f0-b24f-5e140ac69200,2025-12-29,2025-12-29 17:32:41,2025-12-29 17:34:13,DONE
b04c53f9-e489-11f0-b24f-5e140ac69200,2025-12-29,2025-12-29 15:42:34,2025-12-29 15:43:22,DONE
b0769883-e489-11f0-b24f-5e140ac69200,2025-12-29,2025-12-29 16:11:03,2025-12-29 16:11:53,DONE
bd5215e4-e45d-11f0-b24f-5e140ac69200,2025-12-29,1970-01-01 00:00:00,2025-12-29 10:35:10,DONE
bd5941c0-e45d-11f0-bf7b-965e190dd3fa,2025-12-29,1970-01-01 00:00:00,2025-12-29 10:35:10,DONE
bd5968ef-e45d-11f0-b24f-5e140ac69200,2025-12-29,1970-01-01 00:00:00,2025-12-29 10:34:10,DONE
bd609431-e45d-11f0-b810-6e40e3e6024a,2025-12-29,1970-01-01 00:00:00,2025-12-29 10:34:10,DONE
c296a280-e46f-11f0-b24f-5e140ac69200,2025-12-29,1970-01-01 00:00:00,2025-12-29 15:08:10,DONE
cc17a019-e467-11f0-b810-6e40e3e6024a,2025-12-29,1970-01-01 00:00:00,2025-12-29 11:44:10,DONE
d9a01f56-e458-11f0-bf7b-965e190dd3fa,2025-12-29,1970-01-01 00:00:00,2025-12-29 11:44:10,DONE
e115a9aa-e45d-11f0-b810-6e40e3e6024a,2025-12-29,1970-01-01 00:00:00,2025-12-29 10:38:10,DONE
e136787c-e45d-11f0-b24f-5e140ac69200,2025-12-29,1970-01-01 00:00:00,2025-12-29 10:38:11,DONE
e137d7f1-e45d-11f0-833b-1a66a98ce176,2025-12-29,1970-01-01 00:00:00,2025-12-29 10:37:10,DONE
ecc7b57f-e4c0-11f0-833b-1a66a98ce176,2025-12-29,1970-01-01 00:00:00,2025-12-30 01:34:10,DONE
16f0d0be-e55f-11f0-bf7b-965e190dd3fa,2025-12-30,2025-12-30 17:15:34,2025-12-30 17:16:34,DONE
1a4b5cf0-e531-11f0-b91f-f260ad480fb9,2025-12-30,1970-01-01 00:00:00,2025-12-30 13:36:10,DONE
1a4d583e-e531-11f0-833b-1a66a98ce176,2025-12-30,1970-01-01 00:00:00,2025-12-30 13:36:10,DONE
1a4e42c6-e531-11f0-b810-6e40e3e6024a,2025-12-30,1970-01-01 00:00:00,2025-12-30 13:37:10,DONE
1a4ff0d7-e531-11f0-b91f-f260ad480fb9,2025-12-30,1970-01-01 00:00:00,2025-12-30 13:37:10,DONE
2650b6d0-e530-11f0-b810-6e40e3e6024a,2025-12-30,2025-12-30 11:36:00,2025-12-30 11:37:22,DONE
27c536c9-e522-11f0-b24f-5e140ac69200,2025-12-30,1970-01-01 00:00:00,2025-12-30 09:58:11,DONE
2fcc3b9a-e530-11f0-833b-1a66a98ce176,2025-12-30,2025-12-30 11:36:00,2025-12-30 11:37:42,DONE
30eb9595-e52d-11f0-b91f-f260ad480fb9,2025-12-30,1970-01-01 00:00:00,2025-12-30 11:16:10,DONE
30eb95e2-e52d-11f0-b810-6e40e3e6024a,2025-12-30,1970-01-01 00:00:00,2025-12-30 15:27:10,DONE
33e45c45-e530-11f0-bf7b-965e190dd3fa,2025-12-30,2025-12-30 11:36:00,2025-12-30 11:36:28,DONE
361524ab-e513-11f0-bf7b-965e190dd3fa,2025-12-30,1970-01-01 00:00:00,2025-12-30 09:58:11,DONE
38bc230c-e530-11f0-b810-6e40e3e6024a,2025-12-30,2025-12-30 11:36:00,2025-12-30 11:36:37,DONE
3d01471b-e530-11f0-b91f-f260ad480fb9,2025-12-30,2025-12-30 11:36:00,2025-12-30 11:37:12,DONE
3e177c2e-e531-11f0-b91f-f260ad480fb9,2025-12-30,1970-01-01 00:00:00,2025-12-30 13:27:10,DONE
3e17a397-e531-11f0-b24f-5e140ac69200,2025-12-30,1970-01-01 00:00:00,2025-12-30 13:35:10,DONE
3e19ed35-e531-11f0-b91f-f260ad480fb9,2025-12-30,1970-01-01 00:00:00,2025-12-30 13:35:10,DONE
423063a8-e52a-11f0-bf7b-965e190dd3fa,2025-12-30,1970-01-01 00:00:00,2025-12-30 15:27:10,DONE
453db33f-e549-11f0-bf7b-965e190dd3fa,2025-12-30,1970-01-01 00:00:00,2025-12-30 15:23:10,DONE
47fdbb44-e55f-11f0-b810-6e40e3e6024a,2025-12-30,2025-12-30 17:15:33,2025-12-30 17:16:19,DONE
50e5ecd4-e552-11f0-b24f-5e140ac69200,2025-12-30,2025-12-30 15:39:19,2025-12-30 15:41:05,DONE
51988692-e4fb-11f0-bf7b-965e190dd3fa,2025-12-30,1970-01-01 00:00:00,2025-12-30 08:11:10,DONE
51c4fb1c-e530-11f0-b810-6e40e3e6024a,2025-12-30,2025-12-30 11:39:01,2025-12-30 11:40:08,DONE
532da3f4-e58b-11f0-bf7b-965e190dd3fa,2025-12-30,1970-01-01 00:00:00,2025-12-31 01:37:10,DONE
5801b084-e552-11f0-b810-6e40e3e6024a,2025-12-30,2025-12-30 15:39:19,2025-12-30 15:40:58,DONE
598839db-e58b-11f0-b24f-5e140ac69200,2025-12-30,2025-12-31 09:56:35,2025-12-31 09:56:43,DONE
5991dbfa-e4da-11f0-b24f-5e140ac69200,2025-12-30,2025-12-30 01:37:16,2025-12-30 03:50:00,DONE
5cf82310-e552-11f0-b810-6e40e3e6024a,2025-12-30,2025-12-30 15:39:19,2025-12-30 15:40:51,DONE
5d4cf2b2-e530-11f0-b810-6e40e3e6024a,2025-12-30,2025-12-30 11:39:01,2025-12-30 11:39:48,DONE
617a47e0-e530-11f0-b810-6e40e3e6024a,2025-12-30,2025-12-30 11:39:01,2025-12-30 11:39:40,DONE
6180df4a-e552-11f0-b91f-f260ad480fb9,2025-12-30,2025-12-30 15:39:19,2025-12-30 15:40:43,DONE
6184e524-e4dd-11f0-b91f-f260ad480fb9,2025-12-30,2025-12-30 14:37:44,2025-12-30 17:13:28,DONE
61cae3ae-e531-11f0-b91f-f260ad480fb9,2025-12-30,1970-01-01 00:00:00,2025-12-30 13:26:10,DONE
61ccb875-e531-11f0-b91f-f260ad480fb9,2025-12-30,1970-01-01 00:00:00,2025-12-30 13:26:10,DONE
61d1c18b-e531-11f0-b810-6e40e3e6024a,2025-12-30,1970-01-01 00:00:00,2025-12-30 13:24:10,DONE
61d25d64-e531-11f0-b24f-5e140ac69200,2025-12-30,1970-01-01 00:00:00,2025-12-30 13:24:10,DONE
6552956c-e55f-11f0-b810-6e40e3e6024a,2025-12-30,2025-12-30 17:15:33,2025-12-30 17:16:12,DONE
65852245-e530-11f0-b91f-f260ad480fb9,2025-12-30,2025-12-30 11:39:01,2025-12-30 11:39:33,DONE
65bd09a9-e52a-11f0-bf7b-965e190dd3fa,2025-12-30,1970-01-01 00:00:00,2025-12-30 13:20:01,DONE
66d49b32-e4dd-11f0-b24f-5e140ac69200,2025-12-30,2025-12-30 14:37:44,2025-12-30 17:13:17,DONE
67c6dc2d-e552-11f0-b810-6e40e3e6024a,2025-12-30,2025-12-30 15:39:19,2025-12-30 15:40:35,DONE
6b22831b-e530-11f0-b810-6e40e3e6024a,2025-12-30,2025-12-30 11:39:01,2025-12-30 11:39:23,DONE
6d701605-e54d-11f0-b24f-5e140ac69200,2025-12-30,2025-12-31 02:27:29,2025-12-31 02:27:57,DONE
6dcc0257-e4e7-11f0-833b-1a66a98ce176,2025-12-30,2025-12-30 13:15:01,2025-12-30 13:19:25,DONE
6de469d5-e552-11f0-b91f-f260ad480fb9,2025-12-30,2025-12-30 15:39:19,2025-12-30 15:40:28,DONE
730b054e-e528-11f0-833b-1a66a98ce176,2025-12-30,1970-01-01 00:00:00,2025-12-30 15:27:10,DONE
73787b44-e552-11f0-b91f-f260ad480fb9,2025-12-30,2025-12-30 15:39:19,2025-12-30 15:40:19,DONE
76e8cbcc-e514-11f0-bf7b-965e190dd3fa,2025-12-30,1970-01-01 00:00:00,2025-12-30 09:58:11,DONE
76face1f-e514-11f0-833b-1a66a98ce176,2025-12-30,1970-01-01 00:00:00,2025-12-30 09:58:11,DONE
77e74753-e552-11f0-b91f-f260ad480fb9,2025-12-30,2025-12-30 15:39:18,2025-12-30 15:39:45,DONE
7d2a056a-e552-11f0-833b-1a66a98ce176,2025-12-30,2025-12-30 15:39:18,2025-12-30 15:39:38,DONE
7efd3714-e530-11f0-833b-1a66a98ce176,2025-12-30,2025-12-30 11:35:59,2025-12-30 11:37:51,DONE
8131d1a4-e552-11f0-b24f-5e140ac69200,2025-12-30,2025-12-30 15:39:18,2025-12-30 15:39:30,DONE
855e0349-e55f-11f0-833b-1a66a98ce176,2025-12-30,2025-12-30 17:15:33,2025-12-30 17:16:04,DONE
8597edb3-e531-11f0-b91f-f260ad480fb9,2025-12-30,1970-01-01 00:00:00,2025-12-30 11:52:10,DONE
859d931a-e531-11f0-b91f-f260ad480fb9,2025-12-30,1970-01-01 00:00:00,2025-12-30 11:51:10,DONE
85a00421-e531-11f0-b810-6e40e3e6024a,2025-12-30,1970-01-01 00:00:00,2025-12-30 13:34:10,DONE
85a35f89-e531-11f0-b810-6e40e3e6024a,2025-12-30,1970-01-01 00:00:00,2025-12-30 13:34:10,DONE
8977dc46-e530-11f0-833b-1a66a98ce176,2025-12-30,2025-12-30 11:35:59,2025-12-30 11:38:08,DONE
8e5f81db-e530-11f0-833b-1a66a98ce176,2025-12-30,2025-12-30 11:35:59,2025-12-30 11:38:23,DONE
9291451b-e530-11f0-b91f-f260ad480fb9,2025-12-30,2025-12-30 11:35:59,2025-12-30 11:38:16,DONE
95546642-e53c-11f0-833b-1a66a98ce176,2025-12-30,1970-01-01 00:00:00,2025-12-30 15:27:10,DONE
969dcbe4-e530-11f0-b91f-f260ad480fb9,2025-12-30,2025-12-30 11:35:59,2025-12-30 11:38:31,DONE
96dda0eb-e51b-11f0-833b-1a66a98ce176,2025-12-30,1970-01-01 00:00:00,2025-12-30 09:58:11,DONE
a2e16744-e55f-11f0-833b-1a66a98ce176,2025-12-30,2025-12-30 17:15:33,2025-12-30 17:15:56,DONE
a33be725-e558-11f0-b24f-5e140ac69200,2025-12-30,1970-01-01 00:00:00,2025-12-30 19:17:10,DONE
a95762ff-e531-11f0-b91f-f260ad480fb9,2025-12-30,1970-01-01 00:00:00,2025-12-30 13:33:10,DONE
a957d834-e531-11f0-b91f-f260ad480fb9,2025-12-30,1970-01-01 00:00:00,2025-12-30 13:32:10,DONE
a9582639-e531-11f0-833b-1a66a98ce176,2025-12-30,1970-01-01 00:00:00,2025-12-30 13:32:10,DONE
a96545cc-e531-11f0-b91f-f260ad480fb9,2025-12-30,1970-01-01 00:00:00,2025-12-30 13:33:10,DONE
ad5dd416-e52a-11f0-833b-1a66a98ce176,2025-12-30,1970-01-01 00:00:00,2025-12-30 15:27:10,DONE
aebef563-e52b-11f0-833b-1a66a98ce176,2025-12-30,2025-12-30 14:37:29,2025-12-30 17:12:16,DONE
af05d0c3-e530-11f0-b91f-f260ad480fb9,2025-12-30,1970-01-01 00:00:00,2025-12-30 11:51:10,DONE
af061e70-e530-11f0-b810-6e40e3e6024a,2025-12-30,1970-01-01 00:00:00,2025-12-30 11:50:10,DONE
af07cc4a-e530-11f0-833b-1a66a98ce176,2025-12-30,1970-01-01 00:00:00,2025-12-30 11:50:10,DONE
af0e2731-e52b-11f0-833b-1a66a98ce176,2025-12-30,2025-12-30 11:32:10,2025-12-30 11:32:58,DONE
af610279-e52b-11f0-833b-1a66a98ce176,2025-12-30,2025-12-30 15:36:17,2025-12-30 15:38:00,DONE
af81a8fd-e52b-11f0-833b-1a66a98ce176,2025-12-30,2025-12-30 11:34:37,2025-12-30 11:35:29,DONE
afa81ce0-e52b-11f0-833b-1a66a98ce176,2025-12-30,2025-12-30 15:36:17,2025-12-30 15:37:53,DONE
afcc46d2-e52b-11f0-833b-1a66a98ce176,2025-12-30,2025-12-30 11:33:21,2025-12-30 11:34:16,DONE
aff00e77-e543-11f0-833b-1a66a98ce176,2025-12-30,1970-01-01 00:00:00,2025-12-30 15:27:10,DONE
b0149ab6-e52b-11f0-833b-1a66a98ce176,2025-12-30,2025-12-30 14:37:29,2025-12-30 17:12:03,DONE
b08dc1ef-e52b-11f0-833b-1a66a98ce176,2025-12-30,2025-12-30 11:43:41,2025-12-30 11:46:23,DONE
b0d4dd56-e52b-11f0-833b-1a66a98ce176,2025-12-30,2025-12-30 14:37:29,2025-12-30 17:18:40,DONE
b0f9a385-e52b-11f0-833b-1a66a98ce176,2025-12-30,2025-12-30 11:43:41,2025-12-30 11:46:01,DONE
b1248437-e52b-11f0-833b-1a66a98ce176,2025-12-30,2025-12-30 15:36:17,2025-12-30 15:39:00,DONE
b18282fa-e52b-11f0-833b-1a66a98ce176,2025-12-30,2025-12-30 11:43:41,2025-12-30 11:46:31,DONE
b1ac784c-e52b-11f0-833b-1a66a98ce176,2025-12-30,2025-12-30 11:40:25,2025-12-30 11:41:51,DONE
b252cad2-e52b-11f0-833b-1a66a98ce176,2025-12-30,2025-12-30 14:37:29,2025-12-30 17:11:34,DONE
b690e95a-e52b-11f0-bf7b-965e190dd3fa,2025-12-30,2025-12-30 14:37:21,2025-12-30 17:11:26,DONE
b6dc98b8-e52b-11f0-bf7b-965e190dd3fa,2025-12-30,2025-12-30 11:32:10,2025-12-30 11:32:50,DONE
b77a6511-e4e9-11f0-b24f-5e140ac69200,2025-12-30,1970-01-01 00:00:00,2025-12-30 05:17:10,DONE
b785aa50-e52b-11f0-bf7b-965e190dd3fa,2025-12-30,2025-12-30 15:36:17,2025-12-30 15:38:09,DONE
b7bcbf04-e52b-11f0-bf7b-965e190dd3fa,2025-12-30,2025-12-30 11:34:37,2025-12-30 11:35:15,DONE
b80c17aa-e52b-11f0-bf7b-965e190dd3fa,2025-12-30,2025-12-30 15:36:16,2025-12-30 15:38:16,DONE
b837469d-e52b-11f0-bf7b-965e190dd3fa,2025-12-30,2025-12-30 11:33:21,2025-12-30 11:34:07,DONE
b88e67ac-e52b-11f0-bf7b-965e190dd3fa,2025-12-30,2025-12-30 14:37:21,2025-12-30 17:11:17,DONE
b945d073-e52b-11f0-bf7b-965e190dd3fa,2025-12-30,2025-12-30 11:43:41,2025-12-30 11:46:38,DONE
b9a2e4da-e52b-11f0-bf7b-965e190dd3fa,2025-12-30,2025-12-30 14:37:21,2025-12-30 17:14:35,DONE
b9c5d649-e52b-11f0-bf7b-965e190dd3fa,2025-12-30,2025-12-30 11:43:41,2025-12-30 11:45:15,DONE
b9ef305b-e52b-11f0-bf7b-965e190dd3fa,2025-12-30,2025-12-30 15:36:01,2025-12-30 15:38:51,DONE
ba50feae-e52b-11f0-bf7b-965e190dd3fa,2025-12-30,2025-12-30 11:43:41,2025-12-30 11:45:01,DONE
ba74b370-e52b-11f0-bf7b-965e190dd3fa,2025-12-30,2025-12-30 11:40:24,2025-12-30 11:43:02,DONE
bae68876-e52b-11f0-bf7b-965e190dd3fa,2025-12-30,2025-12-30 14:37:21,2025-12-30 17:10:40,DONE
be643cf2-e52b-11f0-b24f-5e140ac69200,2025-12-30,2025-12-30 14:37:20,2025-12-30 17:10:32,DONE
bec2b100-e52b-11f0-b24f-5e140ac69200,2025-12-30,2025-12-30 11:32:10,2025-12-30 11:32:43,DONE
bf345ee8-e52b-11f0-b24f-5e140ac69200,2025-12-30,2025-12-30 15:36:01,2025-12-30 15:37:43,DONE
bf6de49c-e52b-11f0-b24f-5e140ac69200,2025-12-30,2025-12-30 11:34:37,2025-12-30 11:35:22,DONE
bf92d1e7-e52b-11f0-b24f-5e140ac69200,2025-12-30,2025-12-30 15:36:01,2025-12-30 15:37:33,DONE
bfbb1ab5-e52b-11f0-b24f-5e140ac69200,2025-12-30,2025-12-30 11:33:20,2025-12-30 11:34:00,DONE
bfffec52-e52b-11f0-b24f-5e140ac69200,2025-12-30,2025-12-30 14:37:20,2025-12-30 17:10:20,DONE
c072f36a-e592-11f0-b24f-5e140ac69200,2025-12-30,1970-01-01 00:00:00,2025-12-31 03:12:10,DONE
c073479d-e52b-11f0-b24f-5e140ac69200,2025-12-30,2025-12-30 11:43:41,2025-12-30 11:44:53,DONE
c0b8b459-e52b-11f0-b24f-5e140ac69200,2025-12-30,2025-12-30 14:37:20,2025-12-30 17:14:26,DONE
c0da9458-e52b-11f0-b24f-5e140ac69200,2025-12-30,2025-12-30 11:43:40,2025-12-30 11:45:17,DONE
c0ff5a8a-e52b-11f0-b24f-5e140ac69200,2025-12-30,2025-12-30 15:36:01,2025-12-30 15:38:45,DONE
c10cb785-e56c-11f0-b91f-f260ad480fb9,2025-12-30,1970-01-01 00:00:00,2025-12-31 02:18:10,DONE
c14675ed-e52b-11f0-b24f-5e140ac69200,2025-12-30,2025-12-30 11:43:40,2025-12-30 11:45:16,DONE
c16ce9cf-e52b-11f0-b24f-5e140ac69200,2025-12-30,2025-12-30 11:40:24,2025-12-30 11:42:28,DONE
c1e12ed5-e52b-11f0-b24f-5e140ac69200,2025-12-30,2025-12-30 14:37:20,2025-12-30 17:09:50,DONE
c41f9a21-e513-11f0-bf7b-965e190dd3fa,2025-12-30,1970-01-01 00:00:00,2025-12-30 09:58:11,DONE
c6a8add8-e56b-11f0-833b-1a66a98ce176,2025-12-30,1970-01-01 00:00:00,2025-12-30 22:31:10,DONE
c75a8ca7-e52b-11f0-bf7b-965e190dd3fa,2025-12-30,2025-12-30 14:37:07,2025-12-30 17:09:43,DONE
c7ac7d95-e52b-11f0-bf7b-965e190dd3fa,2025-12-30,2025-12-30 11:32:10,2025-12-30 11:32:36,DONE
c8065dc4-e52b-11f0-bf7b-965e190dd3fa,2025-12-30,2025-12-30 15:36:00,2025-12-30 15:37:23,DONE
c82f8fc8-e52b-11f0-bf7b-965e190dd3fa,2025-12-30,2025-12-30 11:34:37,2025-12-30 11:35:07,DONE
c864347b-e52b-11f0-bf7b-965e190dd3fa,2025-12-30,2025-12-30 15:36:00,2025-12-30 15:37:15,DONE
c88bb9cd-e52b-11f0-bf7b-965e190dd3fa,2025-12-30,2025-12-30 11:33:20,2025-12-30 11:33:52,DONE
c8d964e1-e52b-11f0-bf7b-965e190dd3fa,2025-12-30,2025-12-30 14:37:07,2025-12-30 17:09:35,DONE
c96306da-e52b-11f0-bf7b-965e190dd3fa,2025-12-30,2025-12-30 11:43:40,2025-12-30 11:45:16,DONE
c9adf2d1-e52b-11f0-bf7b-965e190dd3fa,2025-12-30,2025-12-30 14:37:07,2025-12-30 17:14:17,DONE
c9da5a20-e52b-11f0-bf7b-965e190dd3fa,2025-12-30,2025-12-30 11:43:40,2025-12-30 11:43:52,DONE
ca08bd42-e52b-11f0-bf7b-965e190dd3fa,2025-12-30,2025-12-30 15:36:00,2025-12-30 15:38:35,DONE
ca535b15-e52b-11f0-bf7b-965e190dd3fa,2025-12-30,2025-12-30 11:43:40,2025-12-30 11:45:16,DONE
ca893747-e52b-11f0-bf7b-965e190dd3fa,2025-12-30,2025-12-30 11:40:24,2025-12-30 11:42:54,DONE
caf82624-e52b-11f0-bf7b-965e190dd3fa,2025-12-30,2025-12-30 14:37:07,2025-12-30 17:09:08,DONE
cd18739d-e53e-11f0-bf7b-965e190dd3fa,2025-12-30,2025-12-30 13:21:52,2025-12-30 13:22:36,DONE
cd19227d-e531-11f0-b91f-f260ad480fb9,2025-12-30,1970-01-01 00:00:00,2025-12-30 13:31:10,DONE
cd1b1ea2-e531-11f0-b24f-5e140ac69200,2025-12-30,1970-01-01 00:00:00,2025-12-30 13:30:10,DONE
cd1bba98-e531-11f0-b91f-f260ad480fb9,2025-12-30,1970-01-01 00:00:00,2025-12-30 13:31:10,DONE
cd1c2fcd-e531-11f0-b91f-f260ad480fb9,2025-12-30,1970-01-01 00:00:00,2025-12-30 13:30:10,DONE
cd4c0626-e53e-11f0-bf7b-965e190dd3fa,2025-12-30,2025-12-30 13:23:08,2025-12-30 13:23:35,DONE
cd5ef028-e50a-11f0-b24f-5e140ac69200,2025-12-30,1970-01-01 00:00:00,2025-12-30 11:46:10,DONE
cd8d2e3b-e53e-11f0-bf7b-965e190dd3fa,2025-12-30,2025-12-30 13:39:36,2025-12-30 13:40:19,DONE
cdf2ce42-e53e-11f0-bf7b-965e190dd3fa,2025-12-30,2025-12-30 15:23:37,2025-12-30 17:45:51,DONE
ce2ccc4d-e54d-11f0-b810-6e40e3e6024a,2025-12-30,2025-12-31 02:30:56,2025-12-31 02:31:22,DONE
cf02b9aa-e54d-11f0-b810-6e40e3e6024a,2025-12-30,2025-12-31 02:30:56,2025-12-31 02:31:21,DONE
d2dd13fb-e530-11f0-b91f-f260ad480fb9,2025-12-30,1970-01-01 00:00:00,2025-12-30 11:49:10,DONE
d3005339-e530-11f0-b810-6e40e3e6024a,2025-12-30,1970-01-01 00:00:00,2025-12-30 11:49:10,DONE
d3867a01-e582-11f0-b810-6e40e3e6024a,2025-12-30,1970-01-01 00:00:00,2025-12-31 03:06:10,DONE
d5546e57-e52b-11f0-b810-6e40e3e6024a,2025-12-30,2025-12-30 14:36:45,2025-12-30 17:08:21,DONE
d5956f55-e52b-11f0-b810-6e40e3e6024a,2025-12-30,2025-12-30 11:32:10,2025-12-30 11:32:20,DONE
d5e9821d-e52b-11f0-b810-6e40e3e6024a,2025-12-30,2025-12-30 15:36:00,2025-12-30 15:37:07,DONE
d609db81-e52b-11f0-b810-6e40e3e6024a,2025-12-30,2025-12-30 11:34:37,2025-12-30 11:34:49,DONE
d62c57c4-e52b-11f0-b810-6e40e3e6024a,2025-12-30,2025-12-30 15:36:00,2025-12-30 15:36:55,DONE
d650cfd6-e52b-11f0-b810-6e40e3e6024a,2025-12-30,2025-12-30 11:33:20,2025-12-30 11:33:33,DONE
d696b2ba-e52b-11f0-b810-6e40e3e6024a,2025-12-30,2025-12-30 14:36:45,2025-12-30 17:08:11,DONE
d728b923-e52b-11f0-b810-6e40e3e6024a,2025-12-30,2025-12-30 11:43:39,2025-12-30 11:45:18,DONE
d7741a4a-e52b-11f0-b810-6e40e3e6024a,2025-12-30,2025-12-30 14:36:45,2025-12-30 17:13:49,DONE
d798e079-e52b-11f0-b810-6e40e3e6024a,2025-12-30,2025-12-30 11:43:39,2025-12-30 11:45:17,DONE
d7d1079b-e52b-11f0-b810-6e40e3e6024a,2025-12-30,2025-12-30 15:36:00,2025-12-30 15:38:26,DONE
d815ff1e-e52b-11f0-b810-6e40e3e6024a,2025-12-30,2025-12-30 11:43:39,2025-12-30 11:45:17,DONE
d83f5930-e52b-11f0-b810-6e40e3e6024a,2025-12-30,2025-12-30 11:40:24,2025-12-30 11:43:09,DONE
d8c15ad6-e52b-11f0-b810-6e40e3e6024a,2025-12-30,2025-12-30 14:36:45,2025-12-30 17:07:47,DONE
e14916ca-e560-11f0-833b-1a66a98ce176,2025-12-30,1970-01-01 00:00:00,2025-12-30 17:23:10,DONE
e728a16a-e54c-11f0-833b-1a66a98ce176,2025-12-30,1970-01-01 00:00:00,2025-12-30 17:30:01,DONE
ed9a4de0-e512-11f0-bf7b-965e190dd3fa,2025-12-30,1970-01-01 00:00:00,2025-12-30 09:58:11,DONE
eea7c254-e53e-11f0-b24f-5e140ac69200,2025-12-30,2025-12-30 13:22:00,2025-12-30 13:22:48,DONE
eee0d41d-e53e-11f0-b24f-5e140ac69200,2025-12-30,2025-12-30 13:23:08,2025-12-31 14:01:12,DONE
ef2137e2-e53e-11f0-b24f-5e140ac69200,2025-12-30,2025-12-30 13:42:01,2025-12-30 13:45:11,DONE
ef5e8f44-e53e-11f0-b24f-5e140ac69200,2025-12-30,2025-12-30 15:23:14,2025-12-30 17:46:01,DONE
ef7dd739-e53e-11f0-b24f-5e140ac69200,2025-12-30,2025-12-30 15:22:48,2025-12-30 17:45:39,DONE
efd4e22e-e4f2-11f0-833b-1a66a98ce176,2025-12-30,1970-01-01 00:00:00,2025-12-30 09:58:11,DONE
f0d9f794-e531-11f0-833b-1a66a98ce176,2025-12-30,1970-01-01 00:00:00,2025-12-30 13:29:10,DONE
f0dae1ec-e531-11f0-b24f-5e140ac69200,2025-12-30,1970-01-01 00:00:00,2025-12-30 13:29:10,DONE
f0e0ae30-e531-11f0-b810-6e40e3e6024a,2025-12-30,1970-01-01 00:00:00,2025-12-30 13:28:10,DONE
f0e1bf6a-e531-11f0-b91f-f260ad480fb9,2025-12-30,1970-01-01 00:00:00,2025-12-30 13:28:11,DONE
f2ecbd7d-e524-11f0-b24f-5e140ac69200,2025-12-30,1970-01-01 00:00:00,2025-12-30 15:27:10,DONE
f2ece571-e524-11f0-833b-1a66a98ce176,2025-12-30,1970-01-01 00:00:00,2025-12-30 15:27:10,DONE
f2ee9298-e524-11f0-bf7b-965e190dd3fa,2025-12-30,1970-01-01 00:00:00,2025-12-30 15:24:11,DONE
f2eeb954-e524-11f0-b24f-5e140ac69200,2025-12-30,1970-01-01 00:00:00,2025-12-30 15:27:10,DONE
f384ad66-e4fe-11f0-bf7b-965e190dd3fa,2025-12-30,1970-01-01 00:00:00,2025-12-30 09:58:11,DONE
f4726a17-e53d-11f0-bf7b-965e190dd3fa,2025-12-30,1970-01-01 00:00:00,2025-12-30 15:23:10,DONE
f682e67c-e530-11f0-b91f-f260ad480fb9,2025-12-30,1970-01-01 00:00:00,2025-12-30 11:48:10,DONE
f686de2e-e530-11f0-b91f-f260ad480fb9,2025-12-30,1970-01-01 00:00:00,2025-12-30 11:48:10,DONE
f699f172-e530-11f0-b810-6e40e3e6024a,2025-12-30,1970-01-01 00:00:00,2025-12-30 13:38:10,DONE
f78d1d04-e550-11f0-b810-6e40e3e6024a,2025-12-30,1970-01-01 00:00:00,2025-12-30 15:35:10,DONE
f7909f3b-e550-11f0-b24f-5e140ac69200,2025-12-30,1970-01-01 00:00:00,2025-12-30 15:37:10,DONE
f7913b84-e550-11f0-b24f-5e140ac69200,2025-12-30,1970-01-01 00:00:00,2025-12-30 15:38:10,DONE
f99b41b0-e563-11f0-b810-6e40e3e6024a,2025-12-30,1970-01-01 00:00:00,2025-12-30 22:31:10,DONE
fe376fc2-e522-11f0-b24f-5e140ac69200,2025-12-30,1970-01-01 00:00:00,2025-12-30 10:04:10,DONE
fe3d3c4f-e522-11f0-bf7b-965e190dd3fa,2025-12-30,1970-01-01 00:00:00,2025-12-30 10:08:10,DONE
fe53a9fe-e522-11f0-833b-1a66a98ce176,2025-12-30,1970-01-01 00:00:00,2025-12-30 10:06:10,DONE
003ab65e-e613-11f0-811d-0a4b28ca86c6,2025-12-31,1970-01-01 00:00:00,2025-12-31 16:22:13,DONE
003b78cc-e613-11f0-af20-1292749790e6,2025-12-31,1970-01-01 00:00:00,2025-12-31 16:22:13,DONE
014c7bf3-e5e0-11f0-b24f-5e140ac69200,2025-12-31,1970-01-01 00:00:00,2025-12-31 08:36:10,DONE
05dc2a74-e612-11f0-811d-0a4b28ca86c6,2025-12-31,1970-01-01 00:00:00,2025-12-31 16:24:13,DONE
05dd1530-e612-11f0-a448-3e013a4bc24a,2025-12-31,1970-01-01 00:00:00,2025-12-31 16:24:13,DONE
05df85dd-e612-11f0-811d-0a4b28ca86c6,2025-12-31,1970-01-01 00:00:00,2025-12-31 16:23:13,DONE
05e1a903-e612-11f0-836b-7ee4675ecfd7,2025-12-31,1970-01-01 00:00:00,2025-12-31 16:23:13,DONE
06031ca8-e5f9-11f0-bf7b-965e190dd3fa,2025-12-31,1970-01-01 00:00:00,2025-12-31 13:17:12,DONE
06031cb0-e5f9-11f0-b24f-5e140ac69200,2025-12-31,1970-01-01 00:00:00,2025-12-31 13:15:13,DONE
06039269-e5f9-11f0-b810-6e40e3e6024a,2025-12-31,1970-01-01 00:00:00,2025-12-31 13:16:12,DONE
06040762-e5f9-11f0-833b-1a66a98ce176,2025-12-31,1970-01-01 00:00:00,2025-12-31 13:14:12,DONE
0b8e680a-e611-11f0-811d-0a4b28ca86c6,2025-12-31,1970-01-01 00:00:00,2025-12-31 16:31:13,DONE
0b8fc7af-e611-11f0-a448-3e013a4bc24a,2025-12-31,1970-01-01 00:00:00,2025-12-31 16:30:13,DONE
0b91003f-e611-11f0-a448-3e013a4bc24a,2025-12-31,1970-01-01 00:00:00,2025-12-31 15:49:13,DONE
0b92fc17-e611-11f0-a448-3e013a4bc24a,2025-12-31,1970-01-01 00:00:00,2025-12-31 15:50:13,DONE
0d007835-e5f8-11f0-bf7b-965e190dd3fa,2025-12-31,1970-01-01 00:00:00,2025-12-31 13:26:12,DONE
0d01629e-e5f8-11f0-b810-6e40e3e6024a,2025-12-31,1970-01-01 00:00:00,2025-12-31 12:57:12,DONE
0d01b0c3-e5f8-11f0-b810-6e40e3e6024a,2025-12-31,1970-01-01 00:00:00,2025-12-31 13:26:12,DONE
0d0225ec-e5f8-11f0-bf7b-965e190dd3fa,2025-12-31,1970-01-01 00:00:00,2025-12-31 12:57:12,DONE
0d99e0c0-e617-11f0-92cb-ce426f076598,2025-12-31,1970-01-01 00:00:00,2025-12-31 15:26:13,DONE
1135aa1b-e610-11f0-af20-1292749790e6,2025-12-31,1970-01-01 00:00:00,2025-12-31 15:37:13,DONE
115d559e-e610-11f0-92cb-ce426f076598,2025-12-31,1970-01-01 00:00:00,2025-12-31 15:36:13,DONE
1176aa1e-e610-11f0-af20-1292749790e6,2025-12-31,1970-01-01 00:00:00,2025-12-31 15:36:13,DONE
202a5ab5-e61a-11f0-836b-7ee4675ecfd7,2025-12-31,1970-01-01 00:00:00,2025-12-31 16:14:13,DONE
203137c6-e61a-11f0-92cb-ce426f076598,2025-12-31,1970-01-01 00:00:00,2025-12-31 16:12:13,DONE
2032be6e-e61a-11f0-92cb-ce426f076598,2025-12-31,1970-01-01 00:00:00,2025-12-31 16:13:13,DONE
223a3ae3-e60d-11f0-92cb-ce426f076598,2025-12-31,1970-01-01 00:00:00,2025-12-31 15:26:13,DONE
238c2907-e5b3-11f0-b91f-f260ad480fb9,2025-12-31,1970-01-01 00:00:00,2025-12-31 06:20:10,DONE
28f27151-e5f9-11f0-b24f-5e140ac69200,2025-12-31,1970-01-01 00:00:00,2025-12-31 13:12:12,DONE
28f35bb8-e5f9-11f0-b24f-5e140ac69200,2025-12-31,1970-01-01 00:00:00,2025-12-31 13:13:12,DONE
28f6ddc3-e5f9-11f0-b810-6e40e3e6024a,2025-12-31,1970-01-01 00:00:00,2025-12-31 13:10:12,DONE
28f72be8-e5f9-11f0-b810-6e40e3e6024a,2025-12-31,1970-01-01 00:00:00,2025-12-31 13:12:12,DONE
298a6d01-e638-11f0-af20-1292749790e6,2025-12-31,1970-01-01 00:00:00,2025-12-31 23:55:13,DONE
29a87151-e612-11f0-92cb-ce426f076598,2025-12-31,1970-01-01 00:00:00,2025-12-31 16:08:13,DONE
29adefec-e612-11f0-811d-0a4b28ca86c6,2025-12-31,1970-01-01 00:00:00,2025-12-31 16:07:13,DONE
29b14b0a-e612-11f0-92cb-ce426f076598,2025-12-31,1970-01-01 00:00:00,2025-12-31 16:07:13,DONE
29b1c058-e612-11f0-836b-7ee4675ecfd7,2025-12-31,1970-01-01 00:00:00,2025-12-31 16:06:13,DONE
2d4ef446-e5ac-11f0-b810-6e40e3e6024a,2025-12-31,1970-01-01 00:00:00,2025-12-31 03:12:10,DONE
2deaae2d-e5f8-11f0-bf7b-965e190dd3fa,2025-12-31,1970-01-01 00:00:00,2025-12-31 13:24:12,DONE
2deb235a-e5f8-11f0-b810-6e40e3e6024a,2025-12-31,1970-01-01 00:00:00,2025-12-31 13:25:12,DONE
2deb235b-e5f8-11f0-b810-6e40e3e6024a,2025-12-31,1970-01-01 00:00:00,2025-12-31 13:25:13,DONE
2decf824-e5f8-11f0-bf7b-965e190dd3fa,2025-12-31,1970-01-01 00:00:00,2025-12-31 13:23:12,DONE
2f4ec87c-e611-11f0-a448-3e013a4bc24a,2025-12-31,1970-01-01 00:00:00,2025-12-31 15:44:13,DONE
2f50013c-e611-11f0-92cb-ce426f076598,2025-12-31,1970-01-01 00:00:00,2025-12-31 15:49:13,DONE
34ebd031-e610-11f0-811d-0a4b28ca86c6,2025-12-31,1970-01-01 00:00:00,2025-12-31 15:35:13,DONE
34efef47-e610-11f0-92cb-ce426f076598,2025-12-31,1970-01-01 00:00:00,2025-12-31 15:35:13,DONE
34f2392c-e610-11f0-836b-7ee4675ecfd7,2025-12-31,1970-01-01 00:00:00,2025-12-31 15:34:13,DONE
3abfedfb-e60f-11f0-836b-7ee4675ecfd7,2025-12-31,1970-01-01 00:00:00,2025-12-31 15:54:13,DONE
3b5ea608-e661-11f0-a448-3e013a4bc24a,2025-12-31,1970-01-01 00:00:00,2026-01-01 03:03:13,DONE
42631fb2-e65b-11f0-836b-7ee4675ecfd7,2025-12-31,1970-01-01 00:00:00,2026-01-01 03:12:13,DONE
43f89cf9-e61a-11f0-836b-7ee4675ecfd7,2025-12-31,1970-01-01 00:00:00,2025-12-31 16:10:13,DONE
43fa7212-e61a-11f0-92cb-ce426f076598,2025-12-31,1970-01-01 00:00:00,2025-12-31 16:11:13,DONE
440064f1-e61a-11f0-a448-3e013a4bc24a,2025-12-31,1970-01-01 00:00:00,2025-12-31 16:12:13,DONE
44037272-e61a-11f0-836b-7ee4675ecfd7,2025-12-31,1970-01-01 00:00:00,2025-12-31 16:10:13,DONE
440c4bb6-e61a-11f0-811d-0a4b28ca86c6,2025-12-31,1970-01-01 00:00:00,2025-12-31 16:11:13,DONE
47d19cb0-e5a1-11f0-833b-1a66a98ce176,2025-12-31,1970-01-01 00:00:00,2025-12-31 03:12:10,DONE
4b2301af-e621-11f0-af20-1292749790e6,2025-12-31,2025-12-31 16:19:37,2025-12-31 16:19:51,DONE
4be7b88e-e5f9-11f0-b24f-5e140ac69200,2025-12-31,1970-01-01 00:00:00,2025-12-31 13:08:12,DONE
4be918d6-e5f9-11f0-b810-6e40e3e6024a,2025-12-31,1970-01-01 00:00:00,2025-12-31 13:10:12,DONE
4be96645-e5f9-11f0-b24f-5e140ac69200,2025-12-31,1970-01-01 00:00:00,2025-12-31 13:08:12,DONE
4bea02bb-e5f9-11f0-bf7b-965e190dd3fa,2025-12-31,1970-01-01 00:00:00,2025-12-31 13:09:12,DONE
4d6e011a-e612-11f0-811d-0a4b28ca86c6,2025-12-31,1970-01-01 00:00:00,2025-12-31 16:06:13,DONE
4d73a6ca-e612-11f0-af20-1292749790e6,2025-12-31,1970-01-01 00:00:00,2025-12-31 16:05:13,DONE
4d78af76-e612-11f0-92cb-ce426f076598,2025-12-31,1970-01-01 00:00:00,2025-12-31 16:05:13,DONE
5147defc-e5f8-11f0-bf7b-965e190dd3fa,2025-12-31,1970-01-01 00:00:00,2025-12-31 13:22:12,DONE
51487add-e5f8-11f0-b810-6e40e3e6024a,2025-12-31,1970-01-01 00:00:00,2025-12-31 13:21:12,DONE
5309d07d-e611-11f0-836b-7ee4675ecfd7,2025-12-31,1970-01-01 00:00:00,2025-12-31 15:43:13,DONE
530def43-e611-11f0-a448-3e013a4bc24a,2025-12-31,1970-01-01 00:00:00,2025-12-31 15:43:13,DONE
53101226-e611-11f0-836b-7ee4675ecfd7,2025-12-31,1970-01-01 00:00:00,2025-12-31 15:42:13,DONE
531ae84a-e611-11f0-811d-0a4b28ca86c6,2025-12-31,1970-01-01 00:00:00,2025-12-31 15:42:13,DONE
544da8be-e621-11f0-af20-1292749790e6,2025-12-31,2025-12-31 16:19:37,2025-12-31 16:19:44,DONE
54ed97cc-e604-11f0-92cb-ce426f076598,2025-12-31,1970-01-01 00:00:00,2025-12-31 15:04:13,DONE
63df3cc6-e628-11f0-811d-0a4b28ca86c6,2025-12-31,2025-12-31 17:10:46,2025-12-31 17:10:56,DONE
67d3b0ae-e61a-11f0-92cb-ce426f076598,2025-12-31,1970-01-01 00:00:00,2025-12-31 16:09:13,DONE
67ddc2d7-e61a-11f0-92cb-ce426f076598,2025-12-31,1970-01-01 00:00:00,2025-12-31 16:08:13,DONE
6d65e358-e619-11f0-92cb-ce426f076598,2025-12-31,1970-01-01 00:00:00,2025-12-31 16:21:13,DONE
6d66588d-e619-11f0-92cb-ce426f076598,2025-12-31,1970-01-01 00:00:00,2025-12-31 16:20:13,DONE
6d671bf1-e619-11f0-811d-0a4b28ca86c6,2025-12-31,1970-01-01 00:00:00,2025-12-31 16:20:13,DONE
6d67df36-e619-11f0-92cb-ce426f076598,2025-12-31,1970-01-01 00:00:00,2025-12-31 16:21:13,DONE
6f84d985-e5f9-11f0-bf7b-965e190dd3fa,2025-12-31,1970-01-01 00:00:00,2025-12-31 13:07:12,DONE
70f386f9-e5b3-11f0-b810-6e40e3e6024a,2025-12-31,1970-01-01 00:00:00,2025-12-31 03:15:10,DONE
71395d43-e612-11f0-af20-1292749790e6,2025-12-31,1970-01-01 00:00:00,2025-12-31 16:01:13,DONE
713cdfb0-e612-11f0-836b-7ee4675ecfd7,2025-12-31,1970-01-01 00:00:00,2025-12-31 18:14:13,DONE
713cdfb1-e612-11f0-836b-7ee4675ecfd7,2025-12-31,1970-01-01 00:00:00,2025-12-31 16:00:13,DONE
713d7c71-e612-11f0-811d-0a4b28ca86c6,2025-12-31,1970-01-01 00:00:00,2025-12-31 15:58:13,DONE
713e665a-e612-11f0-836b-7ee4675ecfd7,2025-12-31,1970-01-01 00:00:00,2025-12-31 15:57:13,DONE
74ab036b-e5f8-11f0-b24f-5e140ac69200,2025-12-31,1970-01-01 00:00:00,2025-12-31 13:07:12,DONE
74ab2a67-e5f8-11f0-b810-6e40e3e6024a,2025-12-31,1970-01-01 00:00:00,2025-12-31 13:20:12,DONE
74ac154b-e5f8-11f0-833b-1a66a98ce176,2025-12-31,1970-01-01 00:00:00,2025-12-31 13:06:12,DONE
74d2b023-e5f8-11f0-833b-1a66a98ce176,2025-12-31,1970-01-01 00:00:00,2025-12-31 13:06:12,DONE
76d701ac-e611-11f0-a448-3e013a4bc24a,2025-12-31,1970-01-01 00:00:00,2025-12-31 15:39:13,DONE
76ebc24d-e611-11f0-a448-3e013a4bc24a,2025-12-31,1970-01-01 00:00:00,2025-12-31 15:41:13,DONE
76ec5f2d-e611-11f0-836b-7ee4675ecfd7,2025-12-31,1970-01-01 00:00:00,2025-12-31 15:40:13,DONE
7702a5d9-e611-11f0-811d-0a4b28ca86c6,2025-12-31,1970-01-01 00:00:00,2025-12-31 15:41:13,DONE
911ec8cb-e619-11f0-811d-0a4b28ca86c6,2025-12-31,1970-01-01 00:00:00,2025-12-31 16:18:13,DONE
91255909-e619-11f0-92cb-ce426f076598,2025-12-31,1970-01-01 00:00:00,2025-12-31 16:19:13,DONE
912901e9-e619-11f0-836b-7ee4675ecfd7,2025-12-31,1970-01-01 00:00:00,2025-12-31 16:19:13,DONE
94ef5d09-e612-11f0-92cb-ce426f076598,2025-12-31,1970-01-01 00:00:00,2025-12-31 15:55:13,DONE
94f2dfe1-e612-11f0-af20-1292749790e6,2025-12-31,1970-01-01 00:00:00,2025-12-31 15:55:13,DONE
94f6d732-e612-11f0-92cb-ce426f076598,2025-12-31,1970-01-01 00:00:00,2025-12-31 15:56:13,DONE
96fd6d31-e623-11f0-836b-7ee4675ecfd7,2025-12-31,2025-12-31 16:35:16,2025-12-31 16:36:00,DONE
9890772c-e5f8-11f0-b24f-5e140ac69200,2025-12-31,1970-01-01 00:00:00,2025-12-31 13:06:12,DONE
9893f999-e5f8-11f0-b810-6e40e3e6024a,2025-12-31,1970-01-01 00:00:00,2025-12-31 13:04:12,DONE
989420d0-e5f8-11f0-bf7b-965e190dd3fa,2025-12-31,1970-01-01 00:00:00,2025-12-31 13:05:12,DONE
9895f597-e5f8-11f0-bf7b-965e190dd3fa,2025-12-31,1970-01-01 00:00:00,2025-12-31 13:04:12,DONE
9a960232-e611-11f0-836b-7ee4675ecfd7,2025-12-31,1970-01-01 00:00:00,2025-12-31 16:30:13,DONE
9a984c7f-e611-11f0-a448-3e013a4bc24a,2025-12-31,1970-01-01 00:00:00,2025-12-31 15:38:13,DONE
9a9df18b-e611-11f0-836b-7ee4675ecfd7,2025-12-31,1970-01-01 00:00:00,2025-12-31 15:39:13,DONE
9b165067-e623-11f0-92cb-ce426f076598,2025-12-31,2025-12-31 16:35:16,2025-12-31 16:35:53,DONE
a06da1e9-e610-11f0-a448-3e013a4bc24a,2025-12-31,1970-01-01 00:00:00,2025-12-31 16:35:13,DONE
a079c8d4-e616-11f0-811d-0a4b28ca86c6,2025-12-31,2025-12-31 17:04:30,2025-12-31 17:04:54,DONE
a5ece8ee-e60f-11f0-af20-1292749790e6,2025-12-31,1970-01-01 00:00:00,2025-12-31 15:54:13,DONE
b296b8d0-e5c7-11f0-833b-1a66a98ce176,2025-12-31,1970-01-01 00:00:00,2025-12-31 08:08:10,DONE
b4dee11f-e5a7-11f0-bf7b-965e190dd3fa,2025-12-31,1970-01-01 00:00:00,2025-12-31 03:12:10,DONE
b4f9410e-e619-11f0-af20-1292749790e6,2025-12-31,1970-01-01 00:00:00,2025-12-31 16:17:13,DONE
b5068708-e619-11f0-92cb-ce426f076598,2025-12-31,1970-01-01 00:00:00,2025-12-31 16:18:13,DONE
bb98f380-e5e5-11f0-bf7b-965e190dd3fa,2025-12-31,1970-01-01 00:00:00,2025-12-31 09:57:11,DONE
be5d6676-e611-11f0-836b-7ee4675ecfd7,2025-12-31,1970-01-01 00:00:00,2025-12-31 16:28:13,DONE
be5f3b7b-e611-11f0-a448-3e013a4bc24a,2025-12-31,1970-01-01 00:00:00,2025-12-31 16:29:13,DONE
be62e4eb-e611-11f0-811d-0a4b28ca86c6,2025-12-31,1970-01-01 00:00:00,2025-12-31 16:27:13,DONE
be649301-e611-11f0-92cb-ce426f076598,2025-12-31,1970-01-01 00:00:00,2025-12-31 16:28:13,DONE
be694db4-e611-11f0-a448-3e013a4bc24a,2025-12-31,1970-01-01 00:00:00,2025-12-31 16:29:13,DONE
c1e2c67d-e5f8-11f0-b24f-5e140ac69200,2025-12-31,1970-01-01 00:00:00,2025-12-31 13:03:12,DONE
c1e2ed59-e5f8-11f0-833b-1a66a98ce176,2025-12-31,1970-01-01 00:00:00,2025-12-31 13:20:12,DONE
c1e3fede-e5f8-11f0-b810-6e40e3e6024a,2025-12-31,1970-01-01 00:00:00,2025-12-31 13:03:12,DONE
c2a15098-e5f7-11f0-b24f-5e140ac69200,2025-12-31,1970-01-01 00:00:00,2025-12-31 13:01:12,DONE
c2a3c27f-e5f7-11f0-b810-6e40e3e6024a,2025-12-31,1970-01-01 00:00:00,2025-12-31 13:01:12,DONE
c2a54898-e5f7-11f0-833b-1a66a98ce176,2025-12-31,1970-01-01 00:00:00,2025-12-31 13:02:12,DONE
c412d8d0-e610-11f0-92cb-ce426f076598,2025-12-31,1970-01-01 00:00:00,2025-12-31 16:34:13,DONE
c415e5c1-e610-11f0-a448-3e013a4bc24a,2025-12-31,1970-01-01 00:00:00,2025-12-31 16:34:13,DONE
c6cc1f4d-e655-11f0-af20-1292749790e6,2025-12-31,1970-01-01 00:00:00,2025-12-31 22:36:13,DONE
c88c51b6-e5f6-11f0-bf7b-965e190dd3fa,2025-12-31,1970-01-01 00:00:00,2025-12-31 15:26:13,DONE
c9a7a3c5-e60f-11f0-af20-1292749790e6,2025-12-31,1970-01-01 00:00:00,2025-12-31 15:53:13,DONE
c9a9ee18-e60f-11f0-811d-0a4b28ca86c6,2025-12-31,1970-01-01 00:00:00,2025-12-31 15:52:13,DONE
c9aa14cd-e60f-11f0-af20-1292749790e6,2025-12-31,1970-01-01 00:00:00,2025-12-31 15:52:13,DONE
c9b75af6-e60f-11f0-836b-7ee4675ecfd7,2025-12-31,1970-01-01 00:00:00,2025-12-31 15:51:13,DONE
cd0b2fff-e5bc-11f0-833b-1a66a98ce176,2025-12-31,1970-01-01 00:00:00,2025-12-31 09:56:10,DONE
d03952a0-e5ee-11f0-b91f-f260ad480fb9,2025-12-31,1970-01-01 00:00:00,2025-12-31 13:20:03,DONE
d89fd657-e619-11f0-92cb-ce426f076598,2025-12-31,1970-01-01 00:00:00,2025-12-31 16:17:13,DONE
d8c38b28-e619-11f0-92cb-ce426f076598,2025-12-31,1970-01-01 00:00:00,2025-12-31 16:16:13,DONE
d8d58cc6-e619-11f0-92cb-ce426f076598,2025-12-31,1970-01-01 00:00:00,2025-12-31 16:16:13,DONE
d8fdfbf2-e619-11f0-811d-0a4b28ca86c6,2025-12-31,1970-01-01 00:00:00,2025-12-31 16:16:13,DONE
dc8ab044-e5a0-11f0-833b-1a66a98ce176,2025-12-31,1970-01-01 00:00:00,2025-12-31 06:20:10,DONE
e10fbbd5-e5f8-11f0-b24f-5e140ac69200,2025-12-31,1970-01-01 00:00:00,2025-12-31 13:18:13,DONE
e1111b59-e5f8-11f0-833b-1a66a98ce176,2025-12-31,1970-01-01 00:00:00,2025-12-31 13:17:12,DONE
e111b79e-e5f8-11f0-833b-1a66a98ce176,2025-12-31,1970-01-01 00:00:00,2025-12-31 13:18:12,DONE
e111deab-e5f8-11f0-bf7b-965e190dd3fa,2025-12-31,1970-01-01 00:00:00,2025-12-31 13:19:12,DONE
e1e649a1-e616-11f0-92cb-ce426f076598,2025-12-31,2025-12-31 17:07:32,2025-12-31 17:07:41,DONE
e22c45b3-e611-11f0-836b-7ee4675ecfd7,2025-12-31,1970-01-01 00:00:00,2025-12-31 15:26:13,DONE
e22cbb15-e611-11f0-92cb-ce426f076598,2025-12-31,1970-01-01 00:00:00,2025-12-31 16:25:13,DONE
e23323fb-e611-11f0-a448-3e013a4bc24a,2025-12-31,1970-01-01 00:00:00,2025-12-31 16:26:13,DONE
e24684cf-e611-11f0-92cb-ce426f076598,2025-12-31,1970-01-01 00:00:00,2025-12-31 16:25:13,DONE
e2485900-e611-11f0-811d-0a4b28ca86c6,2025-12-31,1970-01-01 00:00:00,2025-12-31 16:27:13,DONE
e61935d8-e5f7-11f0-b91f-f260ad480fb9,2025-12-31,1970-01-01 00:00:00,2025-12-31 13:00:12,DONE
e61a471c-e5f7-11f0-b24f-5e140ac69200,2025-12-31,1970-01-01 00:00:00,2025-12-31 12:59:12,DONE
e61a6e5f-e5f7-11f0-b810-6e40e3e6024a,2025-12-31,1970-01-01 00:00:00,2025-12-31 12:59:12,DONE
e61b0aab-e5f7-11f0-bf7b-965e190dd3fa,2025-12-31,1970-01-01 00:00:00,2025-12-31 12:58:12,DONE
e7a21130-e622-11f0-836b-7ee4675ecfd7,2025-12-31,1970-01-01 00:00:00,2025-12-31 19:44:13,DONE
e7d5344b-e610-11f0-811d-0a4b28ca86c6,2025-12-31,1970-01-01 00:00:00,2025-12-31 16:33:13,DONE
e7d5d0e7-e610-11f0-a448-3e013a4bc24a,2025-12-31,1970-01-01 00:00:00,2025-12-31 16:33:13,DONE
e7d9535f-e610-11f0-a448-3e013a4bc24a,2025-12-31,1970-01-01 00:00:00,2025-12-31 16:32:13,DONE
e7db4f3e-e610-11f0-a448-3e013a4bc24a,2025-12-31,1970-01-01 00:00:00,2025-12-31 16:32:13,DONE
e7e190da-e610-11f0-836b-7ee4675ecfd7,2025-12-31,1970-01-01 00:00:00,2025-12-31 16:31:13,DONE
ecb2862c-e5d6-11f0-833b-1a66a98ce176,2025-12-31,1970-01-01 00:00:00,2025-12-31 10:22:15,DONE
ed6f7dfc-e60f-11f0-92cb-ce426f076598,2025-12-31,1970-01-01 00:00:00,2025-12-31 15:38:13,DONE
ed780949-e60f-11f0-836b-7ee4675ecfd7,2025-12-31,1970-01-01 00:00:00,2025-12-31 15:37:13,DONE
ed915da0-e60f-11f0-811d-0a4b28ca86c6,2025-12-31,1970-01-01 00:00:00,2025-12-31 15:50:13,DONE
f7ce1289-e61e-11f0-a448-3e013a4bc24a,2025-12-31,2025-12-31 17:07:24,2025-12-31 17:09:19,DONE
f8141b97-e61e-11f0-a448-3e013a4bc24a,2025-12-31,2025-12-31 16:03:59,2025-12-31 16:04:42,DONE
f85c6f90-e61e-11f0-a448-3e013a4bc24a,2025-12-31,2025-12-31 16:34:23,2025-12-31 16:35:04,DONE
f87dda64-e61e-11f0-a448-3e013a4bc24a,2025-12-31,2025-12-31 16:17:56,2025-12-31 16:18:46,DONE
f8a3d917-e61e-11f0-a448-3e013a4bc24a,2025-12-31,2025-12-31 16:34:23,2025-12-31 16:34:57,DONE
f8c5df29-e61e-11f0-a448-3e013a4bc24a,2025-12-31,2025-12-31 16:17:56,2025-12-31 16:18:31,DONE
f90be91d-e61e-11f0-a448-3e013a4bc24a,2025-12-31,2025-12-31 17:07:24,2025-12-31 17:08:03,DONE
f97d9746-e61e-11f0-a448-3e013a4bc24a,2025-12-31,2025-12-31 16:17:56,2025-12-31 16:19:05,DONE
f996cc46-e5eb-11f0-b91f-f260ad480fb9,2025-12-31,2025-12-31 10:50:17,2025-12-31 10:52:38,DONE
f9c48a9d-e61e-11f0-a448-3e013a4bc24a,2025-12-31,2025-12-31 17:07:23,2025-12-31 17:11:03,DONE
f9ea3b2c-e61e-11f0-a448-3e013a4bc24a,2025-12-31,2025-12-31 16:17:56,2025-12-31 16:18:57,DONE
fa0d058e-e61e-11f0-a448-3e013a4bc24a,2025-12-31,2025-12-31 16:34:23,2025-12-31 16:35:09,DONE
fa57ca72-e61e-11f0-a448-3e013a4bc24a,2025-12-31,2025-12-31 16:17:56,2025-12-31 16:19:20,DONE
fa5c3cfd-e626-11f0-af20-1292749790e6,2025-12-31,1970-01-01 00:00:00,2025-12-31 22:34:13,DONE
fa7fec04-e61e-11f0-a448-3e013a4bc24a,2025-12-31,2025-12-31 16:17:55,2025-12-31 16:19:14,DONE
faf0d5aa-e61e-11f0-a448-3e013a4bc24a,2025-12-31,2025-12-31 17:07:23,2025-12-31 17:07:32,DONE
fc63b91d-e619-11f0-811d-0a4b28ca86c6,2025-12-31,1970-01-01 00:00:00,2025-12-31 16:15:13,DONE
fc64ca1b-e619-11f0-92cb-ce426f076598,2025-12-31,1970-01-01 00:00:00,2025-12-31 15:36:13,DONE
fc66c66a-e619-11f0-811d-0a4b28ca86c6,2025-12-31,1970-01-01 00:00:00,2025-12-31 16:14:13,DONE
fc6873d8-e619-11f0-af20-1292749790e6,2025-12-31,1970-01-01 00:00:00,2025-12-31 16:15:13,DONE
fe74f87f-e60c-11f0-836b-7ee4675ecfd7,2025-12-31,1970-01-01 00:00:00,2025-12-31 14:56:13,DONE
f7ef2e51-e61e-11f0-a448-3e013a4bc24a,2025-12-31,2026-01-05 14:41:24,2026-01-05 14:54:43,TODO
f8eb1a8c-e61e-11f0-a448-3e013a4bc24a,2025-12-31,2026-01-05 14:41:24,2026-01-05 14:54:32,TODO
f95cc8b1-e61e-11f0-a448-3e013a4bc24a,2025-12-31,2026-01-05 14:41:24,2026-01-05 14:54:21,TODO
fa32dd32-e61e-11f0-a448-3e013a4bc24a,2025-12-31,2026-01-05 14:41:24,2026-01-05 15:15:48,TODO
faa414f6-e61e-11f0-a448-3e013a4bc24a,2025-12-31,2026-01-05 14:41:23,2026-01-05 15:01:24,TODO
facb9a46-e61e-11f0-a448-3e013a4bc24a,2025-12-31,2026-01-05 14:41:23,2026-01-05 14:53:50,TODO
fb1b1a19-e61e-11f0-a448-3e013a4bc24a,2025-12-31,2026-01-05 14:41:23,2026-01-05 14:53:40,TODO
